Predicted Value,True Value
29,28
24,28
28,28
28,28
28,28
28,28
28,28
16,28
17,28
17,28
25,28
27,28
27,28
28,28
27,28
25,28
31,28
29,28
27,28
29,28
24,28
25,28
30,28
27,28
30,28
28,28
23,28
20,28
22,28
27,28
20,28
27,28
26,28
27,28
31,28
23,28
27,28
27,28
22,28
28,28
22,28
26,28
30,28
26,28
29,28
31,28
29,28
29,28
28,28
25,28
29,28
24,28
29,28
33,28
26,28
28,28
29,28
23,28
18,28
29,28
27,28
10,28
27,28
30,28
32,28
27,28
26,28
21,28
21,28
27,28
28,28
28,28
25,28
28,28
31,28
28,28
20,28
29,28
22,28
26,28
30,28
32,28
27,28
29,28
31,28
21,28
27,28
27,28
30,28
26,28
29,28
28,28
25,28
28,28
28,28
29,28
21,28
29,28
30,28
28,28
25,28
22,28
29,28
17,28
29,28
32,28
32,28
32,28
30,28
32,28
19,28
26,28
25,28
29,28
20,28
26,28
29,28
29,28
31,28
22,28
25,28
29,28
15,28
29,28
25,28
27,28
28,28
28,28
26,28
24,28
26,28
30,28
20,28
28,28
27,28
30,28
27,28
28,28
31,28
26,28
26,28
29,28
25,28
30,28
26,28
17,28
28,28
28,28
28,28
23,28
20,28
28,28
17,28
25,28
28,28
22,28
28,28
29,28
31,28
28,28
25,28
24,28
29,28
28,28
30,28
27,28
31,28
26,28
26,28
25,28
26,28
30,28
28,28
30,28
23,28
26,28
30,28
26,28
25,28
29,28
28,28
16,28
28,28
29,28
28,28
29,28
25,28
28,28
23,28
25,28
25,28
27,28
20,28
31,28
26,28
27,28
26,28
30,28
28,28
29,28
25,28
26,28
29,28
27,28
30,28
29,28
28,28
28,28
27,28
29,28
27,28
29,28
31,28
28,28
20,28
26,28
28,28
25,28
26,28
25,28
28,28
29,28
27,28
19,28
29,28
28,28
18,28
28,28
25,28
32,28
27,28
26,28
24,28
19,28
23,28
28,28
26,28
29,28
29,28
16,28
33,28
29,28
28,28
17,28
31,28
25,28
28,28
27,28
25,28
29,28
26,28
27,28
16,28
31,28
29,28
16,28
28,28
27,28
29,28
28,28
27,28
28,28
16,28
28,28
32,28
27,28
28,28
28,28
31,28
31,28
26,28
17,28
26,28
30,28
30,28
27,28
28,28
16,28
15,28
28,28
27,28
27,28
25,28
18,28
31,28
28,28
26,28
30,28
27,28
23,28
30,28
26,28
27,28
25,28
28,28
28,28
30,28
19,28
29,28
29,28
17,28
32,28
26,28
30,28
29,28
28,28
29,28
18,28
23,28
30,28
28,28
26,28
24,28
16,28
27,28
27,28
23,28
30,28
28,28
26,28
24,28
30,28
29,28
28,28
28,28
21,28
28,28
27,28
21,28
27,28
30,28
24,28
27,28
32,32
32,32
32,32
33,32
31,32
26,32
33,32
32,32
33,32
29,32
32,32
29,32
33,32
33,32
32,32
26,32
28,32
32,32
27,32
33,32
33,32
32,32
25,32
32,32
29,32
32,32
33,32
32,32
31,32
32,32
33,32
31,32
33,32
32,32
34,32
33,32
21,32
29,32
32,32
29,32
33,32
28,32
33,32
31,32
30,32
34,32
33,32
28,32
29,32
33,32
33,32
32,32
29,32
20,32
33,32
31,32
32,32
32,32
32,32
31,32
32,32
31,32
33,32
33,32
33,32
32,32
33,32
31,32
33,32
33,32
33,32
33,32
30,32
28,32
28,32
31,32
32,32
33,32
32,32
29,32
33,32
32,32
10,32
26,32
16,32
23,32
31,32
32,32
28,32
32,32
28,32
30,32
30,32
32,32
32,32
32,32
31,32
29,32
32,32
32,32
23,32
34,32
31,32
33,32
33,32
33,32
32,32
32,32
33,32
31,32
30,32
32,32
32,32
31,32
32,32
33,32
32,32
33,32
33,32
32,32
32,32
32,32
34,32
31,32
33,32
28,32
32,32
28,32
26,32
26,32
25,32
33,32
33,32
29,32
28,32
31,32
33,32
27,32
29,32
29,32
27,32
29,32
28,32
27,32
25,32
32,32
32,32
33,32
31,32
31,32
33,32
31,32
33,32
33,32
33,32
33,32
30,32
33,32
19,32
32,32
33,32
30,32
31,32
29,32
31,32
33,32
33,32
33,32
32,32
29,32
31,32
32,32
30,32
20,32
32,32
29,32
32,32
32,32
30,32
33,32
33,32
32,32
33,32
33,32
33,32
32,32
31,32
31,32
32,32
19,32
31,32
33,32
33,32
32,32
28,32
14,32
32,32
32,32
32,32
32,32
32,32
14,32
31,32
32,32
33,32
34,32
31,32
32,32
32,32
34,32
33,32
33,32
33,32
25,32
32,32
34,32
29,32
30,32
25,32
31,32
31,32
21,32
31,32
29,32
31,32
33,32
33,32
28,32
33,32
31,32
32,32
31,32
33,32
29,32
33,32
31,32
27,32
32,32
32,32
30,32
32,32
32,32
18,23
24,23
23,23
23,23
23,23
25,23
23,23
24,23
24,23
27,23
23,23
23,23
25,23
24,23
18,23
15,23
26,23
25,23
21,23
24,23
24,23
22,23
23,23
26,23
31,23
23,23
24,23
26,23
23,23
26,23
24,23
24,23
24,23
20,23
18,23
19,23
29,23
22,23
21,23
20,23
18,23
24,23
26,23
24,23
24,23
23,23
24,23
11,23
31,23
25,23
15,23
27,23
22,23
20,23
18,23
24,23
24,23
25,23
15,23
25,23
23,23
27,23
23,23
25,23
24,23
23,23
23,23
23,23
24,23
19,23
22,23
27,23
21,23
22,23
20,23
23,23
18,23
23,23
22,23
23,23
23,23
18,23
17,23
24,23
22,23
24,23
22,23
19,23
22,23
17,23
18,23
24,23
24,23
25,23
23,23
22,23
24,23
24,23
24,23
25,23
27,23
23,23
22,23
24,23
17,23
23,23
21,23
14,23
23,23
25,23
25,23
23,23
20,23
24,23
15,23
25,23
19,23
14,23
23,23
23,23
22,23
25,23
22,23
21,23
27,23
23,23
21,23
23,23
23,23
23,23
21,23
18,23
24,23
23,23
23,23
23,23
23,23
24,23
22,23
21,23
12,23
23,23
15,23
22,23
30,23
22,23
24,23
26,23
27,23
22,23
20,23
21,23
19,23
21,23
12,23
23,23
24,23
23,23
26,23
24,23
24,23
18,23
24,23
21,23
25,23
23,23
16,23
22,23
23,23
25,23
24,23
24,23
26,23
19,23
22,23
17,23
23,23
26,23
22,23
25,23
24,23
23,23
19,23
22,23
19,23
23,23
26,23
22,23
23,23
22,23
23,23
24,23
26,23
19,23
26,23
12,23
23,23
20,23
22,23
24,23
18,23
24,23
24,23
24,23
12,23
21,23
19,23
21,23
15,23
27,23
24,23
22,23
21,23
25,23
19,23
22,23
18,23
17,23
24,23
24,23
21,23
18,23
23,23
19,23
26,23
22,23
26,23
25,23
16,23
29,23
24,23
25,23
20,23
19,23
14,23
22,23
22,23
16,18
24,18
19,18
18,18
19,18
16,18
20,18
18,18
14,18
17,18
18,18
16,18
15,18
28,18
22,18
20,18
28,18
19,18
16,18
18,18
17,18
19,18
19,18
16,18
27,18
19,18
18,18
17,18
23,18
17,18
16,18
19,18
15,18
25,18
15,18
18,18
20,18
17,18
21,18
19,18
18,18
19,18
21,18
19,18
15,18
17,18
14,18
17,18
15,18
17,18
18,18
14,18
17,18
18,18
16,18
17,18
23,18
24,18
17,18
17,18
20,18
15,18
16,18
12,18
21,18
16,18
20,18
18,18
18,18
16,18
18,18
17,18
15,18
14,18
15,18
17,18
23,18
15,18
20,18
12,18
28,18
22,18
15,18
18,18
20,18
21,18
19,18
14,18
17,18
15,18
15,18
18,18
19,18
17,18
17,18
21,18
18,18
21,18
12,18
18,18
30,18
17,18
17,18
17,18
15,18
18,18
19,18
13,18
17,18
16,18
18,18
13,18
13,18
18,18
19,18
16,18
20,18
20,18
17,18
14,18
20,18
24,18
18,18
16,18
24,18
19,18
16,18
18,18
17,18
15,18
17,18
18,18
18,18
15,18
19,18
23,18
17,18
16,18
17,18
21,18
17,18
18,18
19,18
13,18
18,18
13,18
19,18
12,18
18,18
18,18
21,18
24,18
16,18
17,18
16,18
20,18
13,18
23,18
18,18
18,18
18,18
18,18
18,18
17,18
19,18
18,18
21,18
24,18
18,18
19,18
21,18
16,18
15,18
14,18
25,18
18,18
16,18
16,18
18,18
18,18
16,18
23,18
17,18
16,18
19,18
22,18
15,18
17,18
23,18
17,18
20,18
18,18
19,18
3,18
30,18
21,18
20,18
17,18
23,18
17,18
13,18
19,18
11,18
18,18
19,18
15,18
15,18
12,18
17,18
17,18
16,18
15,18
21,18
14,18
12,18
25,18
17,18
16,18
18,18
18,18
17,18
16,18
17,18
16,18
18,18
17,18
18,18
10,18
19,18
17,18
20,18
23,18
18,18
17,18
25,18
16,18
17,18
19,18
15,18
18,18
17,18
16,18
14,18
18,18
20,18
26,18
15,18
20,18
21,18
14,18
23,18
20,18
17,18
16,18
17,18
17,18
18,18
18,18
17,18
18,18
14,18
26,18
19,18
17,18
18,18
12,18
16,18
21,18
15,18
16,18
17,18
18,18
29,18
15,18
18,18
17,18
19,18
16,18
24,18
15,18
15,18
18,18
24,18
16,18
20,18
15,18
16,18
13,18
19,18
18,18
19,18
18,18
22,18
18,18
20,18
17,18
16,18
16,18
19,18
14,18
17,18
19,18
20,18
15,18
20,18
18,18
17,18
17,18
14,18
18,18
19,18
13,18
19,18
20,18
18,18
16,18
22,18
18,18
17,18
20,18
22,18
23,18
18,18
18,18
23,18
22,18
15,18
22,18
21,18
17,18
21,18
17,18
14,18
17,18
15,18
16,18
19,18
18,18
16,18
23,18
17,18
16,18
20,18
13,18
10,18
20,18
17,18
19,18
23,18
4,18
17,18
18,18
14,18
21,18
18,18
17,18
19,18
15,18
13,18
23,18
17,18
17,18
18,18
16,18
16,18
20,18
19,18
17,18
17,18
17,18
18,18
23,18
19,18
17,18
16,18
15,18
21,18
17,18
18,18
16,18
18,18
19,18
19,18
20,18
23,18
16,18
17,18
19,18
17,18
14,18
22,18
19,18
12,18
19,18
19,18
14,18
17,18
16,18
16,18
19,18
21,18
17,18
8,18
18,18
12,18
18,18
13,18
23,18
13,18
20,18
12,18
26,18
18,18
24,18
19,18
12,18
19,18
17,18
17,18
18,18
16,18
20,18
17,18
18,18
16,18
17,18
21,18
16,18
16,18
16,18
16,18
12,18
19,18
19,18
20,18
19,18
20,18
18,18
14,18
21,18
18,18
18,18
17,18
17,18
21,18
18,18
27,18
20,18
18,18
19,18
21,18
20,18
21,18
16,18
17,18
18,18
19,18
19,18
16,18
25,18
20,18
16,18
21,18
19,18
16,18
15,18
17,18
14,18
16,18
19,18
16,18
18,18
17,18
16,18
18,18
17,18
22,18
19,18
17,18
17,18
18,18
19,18
22,18
20,18
14,18
19,18
19,18
19,18
18,18
19,18
21,18
18,18
13,18
18,18
17,18
18,18
22,18
16,18
15,18
13,18
16,18
18,18
27,18
24,18
13,18
20,18
23,18
17,18
20,18
25,18
17,18
17,18
32,18
15,18
18,18
20,18
19,18
19,18
17,18
18,18
18,18
15,18
19,18
18,18
17,18
12,18
18,18
15,18
15,18
17,18
19,18
15,18
18,18
15,18
16,18
17,18
18,18
17,18
17,18
22,18
17,18
16,18
17,18
18,18
19,18
18,18
18,18
15,18
16,18
13,18
17,18
20,18
20,18
17,18
19,18
24,18
23,18
17,18
16,18
18,18
18,18
14,18
20,18
21,18
16,18
17,18
15,18
16,18
18,18
18,18
17,18
16,18
19,18
21,18
17,18
9,18
15,18
23,18
18,18
17,18
23,18
15,18
16,18
23,18
16,18
18,18
17,18
18,18
19,18
18,18
21,18
16,18
14,18
19,18
20,18
19,18
15,18
21,18
17,18
16,18
22,18
24,18
17,18
15,18
16,18
19,18
16,18
13,18
16,18
18,18
25,18
16,18
19,18
18,18
15,18
16,18
13,18
19,18
17,18
27,18
17,18
20,18
29,18
14,18
19,18
16,18
18,18
17,18
18,18
24,18
18,18
16,18
18,18
17,18
17,18
11,18
18,18
16,18
16,18
17,18
16,18
17,18
18,18
18,18
18,18
18,18
19,18
18,18
20,18
16,18
19,18
20,18
19,18
20,18
17,18
18,18
14,18
17,18
18,18
11,18
19,18
17,18
17,18
18,18
16,18
11,18
19,18
13,18
18,18
16,18
18,18
16,18
17,18
19,18
16,18
16,18
18,18
18,18
15,18
18,18
20,18
16,18
15,18
21,18
17,18
18,18
15,18
16,18
17,18
17,18
19,18
20,18
16,18
19,18
21,18
19,18
24,18
16,18
15,18
17,18
17,18
21,18
14,18
19,18
16,18
20,18
19,18
32,18
17,18
20,18
14,18
18,18
21,18
15,18
12,18
19,18
20,18
19,18
24,18
19,18
18,18
13,18
22,18
18,18
23,18
27,18
15,18
20,18
20,18
21,18
17,18
15,18
17,18
17,18
13,18
17,18
17,18
19,18
20,18
24,18
12,18
25,18
19,18
19,18
19,18
17,18
17,18
18,18
18,18
15,18
25,18
23,18
15,18
11,18
21,18
2,1
3,1
3,1
3,1
3,1
3,1
3,1
3,1
3,1
3,1
7,1
3,1
2,1
2,1
2,1
2,1
3,1
3,1
3,1
3,1
3,1
10,1
3,1
2,1
3,1
3,1
3,1
3,1
3,1
4,1
3,1
3,1
3,1
3,1
2,1
3,1
2,1
3,1
2,1
4,1
3,1
2,1
3,1
3,1
2,1
3,1
3,1
3,1
3,1
3,1
3,1
2,1
2,1
3,1
4,1
3,1
3,1
3,1
3,1
3,1
3,1
3,1
3,1
3,1
2,1
2,1
3,1
3,1
3,1
3,1
3,1
2,1
3,1
3,1
4,1
3,1
2,1
2,1
3,1
2,1
4,1
2,1
3,1
3,1
3,1
3,1
7,1
3,1
3,1
2,1
3,1
3,1
2,1
2,1
2,1
3,1
2,1
2,1
3,1
3,1
3,1
2,1
5,1
3,1
3,1
3,1
3,1
2,1
3,1
2,1
6,1
3,1
2,1
3,1
3,1
3,1
3,1
3,1
3,1
4,1
3,1
5,1
3,1
2,1
3,1
2,1
2,1
3,1
3,1
3,1
2,1
3,1
3,1
3,1
3,1
3,1
3,1
3,1
3,1
3,1
3,1
3,1
3,1
2,1
3,1
3,1
3,1
5,1
2,1
2,1
3,1
3,1
3,1
3,1
3,1
3,1
2,1
2,1
2,1
5,1
3,1
5,1
4,1
4,1
3,1
2,1
21,20
22,20
21,20
21,20
20,20
22,20
20,20
17,20
19,20
17,20
21,20
16,20
19,20
17,20
19,20
15,20
18,20
15,20
21,20
18,20
20,20
19,20
21,20
18,20
21,20
21,20
29,20
16,20
16,20
20,20
16,20
21,20
10,20
18,20
21,20
23,20
22,20
18,20
17,20
20,20
14,20
20,20
21,20
17,20
20,20
19,20
23,20
17,20
20,20
17,20
19,20
22,20
21,20
21,20
17,20
18,20
13,20
20,20
20,20
17,20
20,20
20,20
20,20
21,20
16,20
14,20
20,20
25,20
15,20
21,20
12,20
20,20
18,20
21,20
21,20
19,20
22,20
15,20
22,20
21,20
18,20
20,20
19,20
20,20
20,20
21,20
22,20
19,20
18,20
21,20
19,20
16,20
17,20
18,20
18,20
18,20
22,20
19,20
21,20
26,20
21,20
24,20
19,20
19,20
20,20
20,20
22,20
21,20
16,20
15,20
13,10
10,10
11,10
11,10
12,10
12,10
11,10
12,10
10,10
12,10
10,10
11,10
9,10
11,10
10,10
10,10
11,10
12,10
9,10
8,10
10,10
12,10
12,10
7,10
11,10
10,10
11,10
13,10
12,10
11,10
9,10
11,10
10,10
10,10
12,10
7,10
11,10
10,10
10,10
11,10
10,10
10,10
11,10
11,10
3,10
10,10
12,10
9,10
11,10
10,10
12,10
10,10
12,10
11,10
12,10
8,10
14,10
12,10
11,10
11,10
10,10
12,10
10,10
11,10
12,10
11,10
6,10
11,10
11,10
11,10
8,10
11,10
12,10
10,10
11,10
10,10
6,10
11,10
6,10
10,10
10,10
12,10
11,10
12,10
10,10
12,10
8,10
11,10
9,10
11,10
10,10
11,10
11,10
10,10
3,10
12,10
11,10
10,10
9,10
13,10
9,10
10,10
4,10
13,10
12,10
11,10
12,10
13,10
8,10
13,10
12,10
11,10
9,10
11,10
12,10
10,10
9,10
12,10
10,10
11,10
11,10
11,10
10,10
11,10
10,10
11,10
9,10
10,10
11,10
16,10
12,10
11,10
10,10
11,10
10,10
12,10
11,10
10,10
12,10
12,10
11,10
12,10
10,10
13,10
14,10
11,10
12,10
11,10
11,10
12,10
12,10
12,10
11,10
12,10
11,10
13,10
5,10
10,10
10,10
12,10
11,10
10,10
11,10
12,10
9,10
6,10
11,10
9,10
8,10
11,10
11,10
10,10
12,10
10,10
10,10
11,10
9,10
12,10
12,10
12,10
9,10
11,10
12,10
9,10
4,10
12,10
10,10
12,10
14,10
11,10
10,10
12,10
11,10
12,10
11,10
12,10
10,10
7,10
9,10
12,10
7,10
11,10
11,10
12,10
11,10
12,10
11,10
11,10
12,10
11,10
12,10
12,10
11,10
10,10
11,10
14,10
11,10
10,10
11,10
11,10
10,10
12,10
12,10
11,10
11,10
11,10
13,10
12,10
11,10
12,10
12,10
11,10
12,10
11,10
10,10
10,10
11,10
11,10
14,10
11,10
9,10
12,10
10,10
10,10
10,10
11,10
11,10
10,10
12,10
10,10
9,10
11,10
11,10
11,10
10,10
11,10
12,10
12,10
11,10
11,10
11,10
7,10
11,10
12,10
12,10
10,10
12,10
12,10
11,10
10,10
11,10
11,10
10,10
10,10
11,10
9,10
11,10
3,10
3,10
12,10
10,10
7,10
10,10
12,10
11,10
11,10
11,10
11,10
9,10
11,10
11,10
9,10
8,10
9,10
13,10
11,10
10,10
4,10
10,10
10,10
11,10
12,10
11,10
11,10
11,10
11,10
3,10
13,10
9,10
11,10
11,10
8,10
11,10
9,10
10,10
11,10
12,10
11,10
12,10
13,10
13,10
11,10
17,22
23,22
22,22
25,22
27,22
21,22
24,22
13,22
23,22
23,22
14,22
17,22
27,22
21,22
16,22
22,22
23,22
13,22
23,22
23,22
21,22
20,22
21,22
24,22
20,22
22,22
24,22
23,22
24,22
22,22
21,22
20,22
19,22
23,22
23,22
23,22
22,22
24,22
20,22
20,22
21,22
12,22
15,22
22,22
22,22
22,22
21,22
19,22
24,22
24,22
22,22
22,22
18,22
15,22
18,22
21,22
23,22
25,22
17,22
12,22
22,22
18,22
29,22
22,22
14,22
23,22
28,22
23,22
17,22
20,22
9,22
15,22
15,22
20,22
15,22
18,22
18,22
24,22
26,22
16,22
21,22
23,22
23,22
21,22
22,22
23,22
22,22
22,22
26,22
21,22
22,22
22,22
22,22
17,22
19,22
21,22
11,22
15,22
23,22
27,22
22,22
15,22
17,22
25,22
18,22
15,22
21,22
23,22
26,22
25,22
21,22
18,22
19,22
21,22
15,22
23,22
18,22
23,22
19,22
24,22
18,22
20,22
19,22
20,22
22,22
22,22
24,22
23,22
24,22
21,22
23,22
18,22
22,22
24,22
15,22
19,22
23,22
8,22
18,22
21,22
23,22
20,22
23,22
16,22
20,22
24,22
22,22
24,22
17,22
25,22
22,22
15,22
22,22
21,22
31,22
21,22
22,22
23,22
14,22
19,22
20,22
24,22
23,22
22,22
17,22
14,22
22,22
27,22
22,22
23,22
24,22
18,22
22,22
22,22
24,22
20,22
25,22
17,22
28,22
28,22
23,22
21,22
25,22
22,22
24,22
22,22
28,22
20,22
27,22
23,22
20,22
23,22
23,22
23,22
24,22
18,22
23,22
22,22
32,22
21,22
17,22
14,22
25,22
22,22
23,22
23,22
23,22
23,22
21,22
31,22
21,22
20,22
22,22
23,22
18,22
23,22
16,22
19,22
23,22
23,22
33,22
22,22
14,22
19,22
22,22
34,22
16,22
22,22
12,22
27,22
23,22
21,22
22,22
25,22
21,22
11,22
15,22
24,22
28,22
20,22
19,22
20,22
16,22
22,22
23,22
23,22
16,22
20,22
25,22
21,22
22,22
24,22
21,22
18,22
22,22
22,22
20,22
24,22
21,22
17,22
21,22
17,22
16,22
22,22
21,22
17,22
22,22
18,22
19,22
20,22
19,22
19,22
22,22
25,22
22,22
25,22
22,22
19,22
22,22
20,22
22,22
24,22
22,22
25,22
15,22
19,22
19,22
22,22
22,22
20,22
23,22
24,22
24,22
24,22
17,22
23,22
23,22
23,22
17,22
22,22
24,22
21,22
19,22
21,22
22,22
13,22
21,22
21,22
22,22
22,22
16,22
22,22
15,22
19,22
21,22
22,22
22,22
18,22
29,22
23,22
19,22
23,22
23,22
22,22
23,22
23,22
19,22
24,22
29,22
24,22
21,22
29,22
17,22
16,22
15,22
19,22
19,22
22,22
24,22
24,22
22,22
24,22
21,22
20,22
24,22
19,22
24,22
15,22
23,22
22,22
26,22
21,22
15,22
29,22
10,22
17,22
22,22
8,22
17,22
23,22
21,22
22,22
14,22
23,22
22,22
18,22
20,22
17,22
20,22
15,22
16,22
23,22
18,22
18,22
18,22
19,22
21,22
16,22
22,22
23,22
15,22
23,22
26,22
25,22
22,22
24,22
18,22
16,22
24,22
24,22
14,22
24,22
20,22
20,22
9,22
16,22
22,22
22,22
21,22
15,22
23,22
20,22
23,22
19,22
18,22
16,22
17,22
17,22
25,22
22,22
30,22
25,22
16,22
19,22
23,22
23,22
21,22
27,22
20,22
20,22
20,22
24,22
24,22
22,22
25,22
15,22
27,22
19,22
24,22
23,22
27,22
20,22
23,22
22,22
19,22
20,22
19,22
19,22
20,22
12,22
20,22
17,22
23,22
28,22
23,22
22,22
22,22
22,22
23,22
16,22
18,22
16,22
16,22
17,22
23,22
19,22
22,22
33,22
17,22
16,22
24,22
20,22
7,22
21,22
14,22
15,22
24,22
22,22
22,22
23,22
6,5
10,5
7,5
6,5
9,5
6,5
4,5
5,5
10,5
6,5
5,5
8,5
7,5
6,5
6,5
11,5
6,5
9,5
7,5
5,5
9,5
9,5
7,5
5,5
6,5
8,5
6,5
3,5
7,5
13,5
3,5
7,5
6,5
5,5
6,5
7,5
6,5
7,5
6,5
6,5
4,5
6,5
9,5
8,5
6,5
7,5
5,5
7,5
5,5
5,5
6,5
8,5
9,5
10,5
5,5
7,5
8,5
9,5
8,5
5,5
5,5
5,5
9,5
5,5
11,5
5,5
8,5
6,5
11,5
4,5
6,5
5,5
6,5
5,5
9,5
6,5
7,5
6,5
13,5
11,5
9,5
6,5
6,5
5,5
4,5
8,5
3,5
10,5
10,5
3,5
6,5
7,5
6,5
7,5
12,5
7,5
2,5
10,5
6,5
6,5
7,5
6,5
11,5
11,5
12,5
7,5
9,5
3,5
7,5
5,5
6,5
5,5
7,5
6,5
5,5
6,5
10,5
6,5
8,5
7,5
6,5
6,5
7,5
5,5
6,5
7,5
6,5
10,5
5,5
6,5
10,5
7,5
6,5
8,5
3,5
5,5
8,5
5,5
8,5
5,5
6,5
9,5
7,5
6,5
6,5
6,5
6,5
10,5
4,5
3,5
17,5
7,5
5,5
5,5
5,5
9,5
3,5
6,5
11,5
6,5
5,5
5,5
13,5
5,5
6,5
6,5
12,5
3,5
9,5
19,5
12,5
6,5
5,5
5,5
9,5
4,5
22,5
7,5
7,5
7,5
6,5
6,5
5,5
4,5
6,4
5,4
5,4
5,4
4,4
5,4
6,4
6,4
7,4
6,4
5,4
3,4
5,4
4,4
5,4
4,4
5,4
7,4
5,4
5,4
4,4
5,4
4,4
5,4
6,4
5,4
7,4
5,4
5,4
10,4
3,4
5,4
5,4
12,4
14,4
3,4
4,4
4,4
6,4
3,4
4,4
5,4
6,4
7,4
4,4
5,4
5,4
7,4
5,4
5,4
6,4
5,4
5,4
4,4
15,4
5,4
6,4
4,4
5,4
3,4
13,4
4,4
5,4
5,4
7,4
8,4
3,4
6,4
12,4
3,4
5,4
4,4
4,4
5,4
4,4
6,4
8,4
3,4
5,4
4,4
5,4
6,4
5,4
7,4
4,4
4,4
3,4
5,4
5,4
8,4
6,4
4,4
10,4
3,4
7,4
9,4
4,4
5,4
4,4
7,4
4,4
5,4
6,4
5,4
6,4
5,4
4,4
5,4
4,4
3,4
5,4
4,4
4,4
6,4
4,4
3,4
5,4
5,4
4,4
4,4
8,4
4,4
8,4
5,4
7,4
5,4
4,4
9,4
4,4
5,4
5,4
5,4
7,4
5,4
5,4
5,4
11,4
4,4
5,4
4,4
4,4
4,4
6,4
3,4
6,4
4,4
4,4
6,4
4,4
6,4
9,4
4,4
4,4
8,4
3,4
5,4
5,4
4,4
6,4
5,4
5,4
4,4
4,4
6,4
3,4
5,4
5,4
5,4
6,4
5,4
6,4
8,4
4,4
8,4
4,4
4,4
4,4
5,4
4,4
4,4
5,4
7,4
6,4
7,4
4,4
3,4
5,4
4,4
5,4
5,4
5,4
5,4
9,4
6,4
3,4
6,4
5,4
5,4
5,4
4,4
8,4
7,4
4,4
6,4
5,4
3,4
3,4
5,4
3,4
5,4
4,4
5,4
5,4
4,4
3,4
7,4
6,4
12,4
6,4
5,4
4,4
4,4
4,4
6,4
5,4
5,4
4,4
5,4
5,4
5,4
5,4
5,4
5,4
3,4
7,4
5,4
5,4
4,4
5,4
4,4
4,4
5,4
4,4
4,4
5,4
4,4
4,4
5,4
6,4
13,4
5,4
10,4
5,4
10,4
5,4
9,4
3,4
4,4
3,4
4,4
6,4
5,4
3,4
10,4
9,4
4,4
4,4
9,4
4,4
4,4
5,4
3,4
5,4
7,4
4,4
4,4
4,4
6,4
6,4
4,4
5,4
5,4
10,4
9,4
4,4
3,4
4,4
4,4
5,4
6,4
4,4
7,4
5,4
4,4
5,4
4,4
6,4
7,4
8,4
3,4
4,4
4,4
5,4
4,4
8,4
5,4
6,4
5,4
5,4
4,4
9,4
5,4
5,4
5,4
9,4
4,4
7,4
6,4
6,4
7,4
5,4
4,4
7,4
5,4
7,4
5,4
5,4
8,4
9,4
6,4
6,4
9,4
4,4
5,4
6,4
6,4
6,4
3,4
7,4
6,4
5,4
7,4
7,4
6,4
9,4
9,4
4,4
4,4
5,4
5,4
3,4
11,4
9,4
4,4
9,4
5,4
12,4
3,4
14,4
5,4
4,4
5,4
5,4
4,4
3,4
7,4
8,4
4,4
7,4
5,4
6,4
4,4
4,4
3,4
9,4
3,4
4,4
5,4
4,4
4,4
11,4
5,4
12,4
8,4
7,4
4,4
5,4
5,4
4,4
8,4
4,4
4,4
5,4
5,4
4,4
4,4
5,4
4,4
5,4
8,4
6,4
9,4
3,4
7,4
5,4
4,4
5,4
5,4
7,4
6,4
11,4
5,4
4,4
4,4
4,4
5,4
6,4
4,4
4,4
7,4
6,4
4,4
4,4
5,4
4,4
6,4
4,4
7,4
5,4
5,4
5,4
3,4
7,4
3,4
7,4
4,4
6,4
5,4
4,4
7,6
6,6
7,6
7,6
7,6
13,6
7,6
7,6
7,6
7,6
7,6
9,6
7,6
8,6
6,6
5,6
7,6
9,6
8,6
5,6
9,6
7,6
6,6
6,6
6,6
10,6
4,6
8,6
7,6
8,6
6,6
6,6
7,6
7,6
7,6
8,6
9,6
10,6
14,6
7,6
11,6
6,6
8,6
7,6
7,6
7,6
6,6
10,6
6,6
6,6
8,6
6,6
8,6
7,6
7,6
9,6
9,6
6,6
6,6
11,6
8,6
7,6
6,6
7,6
6,6
7,6
6,6
6,6
7,6
8,6
12,6
6,6
9,6
7,6
7,6
7,6
8,6
7,6
12,6
7,6
9,6
7,6
7,6
9,6
7,6
13,6
9,6
6,6
6,6
14,6
7,6
9,6
7,6
6,6
6,6
5,6
7,6
7,6
6,6
7,6
7,6
8,6
8,6
7,6
5,6
10,6
7,6
8,6
8,6
9,6
7,6
6,6
7,6
7,6
7,6
9,6
7,6
7,6
6,6
7,6
7,6
7,6
8,6
7,6
7,6
4,6
7,6
11,6
6,6
9,6
7,6
12,6
6,6
8,6
7,6
6,6
3,6
6,6
9,6
6,6
8,6
7,6
6,6
10,6
7,6
8,6
6,6
7,6
7,6
6,6
8,6
6,6
11,6
10,6
7,6
6,6
8,6
10,6
7,6
9,6
7,6
6,6
7,6
8,6
11,6
7,6
6,6
5,6
8,6
6,6
7,6
9,6
9,6
7,6
8,6
7,6
7,6
6,6
10,6
8,6
8,6
11,6
5,6
7,6
9,6
6,6
5,6
6,6
7,6
9,6
10,6
8,6
6,6
8,6
6,6
6,6
12,6
8,6
7,6
9,6
7,6
7,6
8,6
10,6
11,6
7,6
7,6
7,6
7,6
5,6
8,6
8,6
6,6
7,6
5,6
7,6
11,6
7,6
9,6
5,6
14,6
7,6
5,6
7,6
7,6
9,6
6,6
7,6
9,6
5,6
10,6
9,6
11,6
10,6
8,6
7,6
6,6
7,6
7,6
7,6
6,6
6,6
7,6
7,6
7,6
9,6
7,6
7,6
6,6
6,6
7,6
9,6
7,6
7,6
8,6
7,6
6,6
10,6
7,6
6,6
5,6
8,6
6,6
10,6
6,6
6,6
11,6
6,6
7,6
6,6
6,6
7,6
6,6
8,6
6,6
7,6
6,6
6,6
11,6
10,6
7,6
12,6
7,6
8,6
7,6
9,6
7,6
6,6
6,6
8,6
7,6
10,6
6,6
7,6
6,6
8,6
12,6
5,6
12,6
3,6
9,6
8,6
8,6
6,6
9,6
14,6
7,6
10,6
7,6
8,6
6,6
7,6
6,6
7,6
5,6
7,6
8,6
6,6
9,6
10,6
7,6
11,6
6,6
7,6
6,6
10,6
9,6
6,6
8,6
7,6
8,6
7,6
8,6
6,6
6,6
9,6
6,6
13,6
6,6
5,6
11,6
7,6
9,6
7,6
6,6
7,6
10,6
6,6
7,6
7,6
6,6
6,6
6,6
6,6
9,6
5,6
7,6
5,6
5,6
6,6
5,6
5,6
9,6
6,6
6,6
6,6
6,6
7,6
11,6
8,6
6,6
11,6
5,6
6,6
10,6
6,6
9,6
6,6
7,6
6,6
10,6
21,17
16,17
16,17
18,17
17,17
18,17
15,17
18,17
16,17
16,17
17,17
16,17
18,17
19,17
17,17
16,17
17,17
15,17
17,17
16,17
19,17
16,17
16,17
15,17
19,17
23,17
17,17
16,17
18,17
21,17
17,17
19,17
15,17
21,17
17,17
17,17
16,17
16,17
18,17
17,17
19,17
21,17
17,17
17,17
17,17
17,17
19,17
17,17
14,17
17,17
18,17
18,17
13,17
17,17
13,17
16,17
16,17
22,17
16,17
17,17
15,17
19,17
23,17
22,17
14,17
16,17
19,17
16,17
17,17
17,17
20,17
18,17
15,17
19,17
17,17
10,17
17,17
16,17
17,17
16,17
18,17
17,17
19,17
18,17
16,17
15,17
23,17
20,17
18,17
18,17
18,17
19,17
17,17
18,17
20,17
15,17
16,17
18,17
18,17
8,17
18,17
15,17
16,17
17,17
17,17
16,17
18,17
17,17
16,17
16,17
21,17
18,17
16,17
20,17
16,17
14,17
26,17
16,17
10,17
19,17
17,17
15,17
15,17
17,17
16,17
24,17
17,17
17,17
19,17
15,17
17,17
17,17
18,17
17,17
16,17
17,17
17,17
16,17
20,17
16,17
16,17
15,17
16,17
26,17
18,17
16,17
19,17
17,17
16,17
16,17
14,17
15,17
17,17
15,17
17,17
17,17
16,17
18,17
18,17
17,17
17,17
17,17
16,17
15,17
17,17
23,17
17,17
19,17
16,17
17,17
17,17
20,17
17,17
17,17
20,17
13,17
17,17
18,17
16,17
16,17
18,17
13,17
21,17
18,17
16,17
15,17
16,17
17,17
16,17
15,17
17,17
15,17
19,17
16,17
17,17
10,17
20,17
18,17
16,17
20,17
18,17
17,17
19,17
16,17
15,17
15,17
17,17
17,17
18,17
16,17
18,17
17,17
18,17
16,17
18,17
18,17
16,17
15,17
16,17
19,17
17,17
17,17
17,17
19,17
15,17
20,17
15,17
24,17
16,17
16,17
16,17
18,17
16,17
17,17
16,17
16,17
18,17
16,17
17,17
10,17
21,17
15,17
18,17
17,17
17,17
16,17
15,17
16,17
21,17
14,17
17,17
18,17
15,17
18,17
19,17
22,17
17,17
28,17
15,17
18,17
15,17
17,17
17,17
19,17
17,17
15,17
19,17
16,17
24,17
19,17
20,17
17,17
19,17
13,17
14,17
21,17
15,17
23,17
17,17
17,17
20,17
16,17
18,17
15,17
26,17
17,17
19,17
18,17
17,17
17,17
16,17
17,17
16,17
24,17
15,17
18,17
17,17
16,17
16,17
16,17
17,17
14,17
19,17
17,17
16,17
16,17
14,17
16,17
15,17
15,17
17,17
17,17
18,17
18,17
16,17
14,17
21,17
16,17
16,17
17,17
19,17
16,17
18,17
16,17
18,17
16,17
16,17
17,17
21,17
16,17
17,17
18,17
19,17
16,17
16,17
22,17
17,17
15,17
20,17
19,17
16,17
18,17
22,17
16,17
16,17
15,17
14,17
20,17
15,17
15,17
19,17
15,17
16,17
17,17
18,17
16,17
17,17
18,17
16,17
16,17
14,17
15,17
19,17
17,17
19,17
16,17
15,17
13,17
17,17
15,17
17,17
17,17
16,17
16,17
17,17
17,17
17,17
18,17
17,17
24,17
16,17
14,17
17,17
17,17
16,17
22,17
17,17
17,17
16,17
17,17
18,17
18,17
17,17
17,17
18,17
17,17
16,17
17,17
15,17
14,17
17,17
15,17
18,17
17,17
16,17
14,17
18,17
18,17
18,17
17,17
21,17
17,17
19,17
15,17
19,17
16,17
17,17
17,17
15,17
18,17
18,17
16,17
17,17
15,17
16,17
17,17
17,17
20,17
15,17
18,17
17,17
14,17
15,17
17,17
16,17
16,17
15,17
12,14
15,14
14,14
15,14
13,14
15,14
15,14
12,14
14,14
15,14
15,14
15,14
14,14
15,14
14,14
14,14
15,14
14,14
14,14
16,14
14,14
21,14
14,14
15,14
14,14
14,14
14,14
15,14
15,14
18,14
30,14
12,14
12,14
13,14
13,14
18,14
16,14
13,14
15,14
15,14
15,14
15,14
15,14
15,14
12,14
14,14
16,14
15,14
14,14
15,14
15,14
15,14
16,14
15,14
14,14
15,14
15,14
14,14
17,14
13,14
13,14
16,14
15,14
14,14
14,14
15,14
17,14
13,14
13,14
16,14
13,14
13,14
14,14
14,14
13,14
13,14
14,14
20,14
15,14
15,14
13,14
18,14
16,14
24,14
16,14
14,14
10,14
7,14
13,14
9,14
15,14
15,14
13,14
17,14
11,14
14,14
15,14
15,14
12,14
20,14
14,14
15,14
15,14
15,14
14,14
15,14
16,14
15,14
14,14
13,14
14,14
15,14
15,14
10,14
15,14
13,14
14,14
15,14
14,14
23,14
16,14
4,14
14,14
15,14
14,14
15,14
15,14
14,14
14,14
14,14
16,14
17,14
14,14
15,14
14,14
15,14
16,14
12,14
15,14
15,14
15,14
17,14
15,14
14,14
21,14
14,14
9,14
25,14
13,14
15,14
15,14
15,14
14,14
13,14
14,14
7,14
13,14
16,14
23,14
15,14
16,14
7,14
15,14
18,14
14,14
18,14
13,14
15,14
12,14
17,14
14,14
13,14
15,14
14,14
16,14
13,14
13,14
16,14
14,14
14,14
12,14
14,14
17,14
15,14
15,14
15,14
15,14
17,14
32,14
16,14
15,14
16,14
17,14
13,14
17,14
14,14
13,14
13,14
16,14
14,14
16,14
11,14
16,14
15,14
10,14
12,14
15,14
14,14
14,14
15,14
16,14
14,14
16,14
15,14
14,14
13,14
16,14
12,14
15,14
10,14
14,14
15,14
14,14
15,14
15,14
14,14
14,14
14,14
14,14
16,14
14,14
17,14
16,14
13,14
15,14
13,14
12,14
15,14
15,14
16,14
14,14
13,14
15,14
16,14
17,14
15,14
15,14
14,14
13,14
16,14
14,14
10,14
17,14
13,14
11,14
13,14
15,14
14,14
15,14
14,14
17,14
12,14
12,14
15,14
13,14
14,14
15,14
14,14
18,14
16,14
14,14
15,14
12,14
15,14
14,14
14,14
14,14
15,14
17,14
14,14
12,14
15,14
15,14
14,14
13,14
16,14
12,14
15,14
15,14
14,14
15,14
12,14
18,14
16,14
14,14
19,14
18,14
15,14
17,14
12,14
15,14
15,14
13,14
13,14
14,14
18,14
14,14
15,14
17,14
8,14
15,14
14,14
16,14
15,14
15,14
14,14
13,14
15,14
15,14
14,14
16,14
13,14
15,14
16,14
15,14
15,14
15,14
15,14
13,14
14,14
16,14
14,14
14,14
15,14
12,14
14,14
15,14
13,14
14,14
15,14
14,14
13,14
27,14
12,14
14,14
10,14
15,14
14,14
15,14
14,14
16,14
14,14
15,14
14,14
13,14
14,14
14,14
13,14
15,14
17,14
15,14
14,14
14,14
13,14
15,14
24,14
14,14
14,14
15,14
14,14
15,14
16,14
12,14
12,14
15,14
16,14
10,14
18,14
16,14
11,14
15,14
15,14
16,14
13,14
15,14
15,14
14,14
12,14
16,14
15,14
12,14
14,14
15,14
16,14
14,14
15,14
14,14
12,14
15,14
16,14
15,14
15,14
14,14
13,14
15,14
17,14
13,14
15,14
14,14
15,14
13,14
16,14
14,14
15,14
14,14
14,14
17,14
15,14
15,14
17,14
15,14
13,14
11,14
14,14
14,14
13,14
16,14
14,14
13,14
15,14
15,14
14,14
15,14
15,14
11,14
14,14
14,14
14,14
16,14
14,14
14,14
14,14
14,14
14,14
16,14
15,14
13,14
18,14
13,14
15,14
11,14
14,14
13,14
14,14
15,14
16,14
12,14
12,14
12,14
15,14
14,14
16,14
19,14
16,14
16,14
15,14
15,14
15,14
15,14
15,14
14,14
14,14
14,14
14,14
14,14
14,14
16,14
15,14
15,14
11,14
15,14
14,14
15,14
15,14
15,14
13,14
15,14
14,14
15,14
16,14
16,14
15,14
14,14
15,14
15,14
24,14
15,14
15,14
15,14
16,14
16,14
15,14
13,14
16,14
10,14
14,14
14,14
14,14
13,14
14,14
9,14
16,14
15,14
12,14
13,14
15,14
18,14
11,14
15,14
15,14
15,14
14,14
14,14
16,14
16,14
15,14
12,14
16,14
17,14
16,14
14,14
16,14
15,14
17,14
15,14
15,14
14,14
12,14
9,14
14,14
15,14
15,14
15,14
13,14
13,14
15,14
15,14
16,14
12,14
13,14
15,14
16,14
16,14
15,14
14,14
16,14
16,14
15,14
16,14
9,14
15,14
12,14
15,14
16,14
14,14
13,14
12,14
14,14
15,14
15,14
11,14
14,14
14,14
14,14
15,14
15,14
16,14
14,14
16,14
24,14
15,14
15,14
13,14
15,14
14,14
9,14
14,14
15,14
13,14
14,14
22,14
12,14
13,14
14,14
14,14
14,14
14,14
16,14
15,14
14,14
15,14
13,14
15,14
18,14
16,14
15,14
14,14
14,14
15,14
16,14
14,14
16,14
16,14
18,14
12,14
15,14
15,14
14,14
14,14
13,14
16,14
15,14
17,14
13,14
15,14
16,14
17,14
14,14
13,14
19,14
16,14
13,14
13,14
14,14
17,14
14,14
22,14
15,14
14,14
14,14
4,14
16,14
13,14
14,14
14,14
15,14
13,14
12,14
15,14
9,14
15,14
15,14
15,14
14,14
13,14
15,14
17,14
14,14
17,14
15,14
15,14
14,14
13,14
16,14
15,14
14,14
14,14
14,14
15,14
13,14
15,14
13,14
16,14
16,14
15,14
13,14
14,14
12,14
15,14
15,14
15,14
12,14
13,14
15,14
12,14
14,14
13,14
15,14
14,14
14,14
15,14
9,14
15,14
21,14
17,14
16,14
14,14
14,14
16,14
17,14
16,14
14,14
14,14
17,14
16,14
14,14
15,14
21,14
13,14
16,14
13,14
14,14
15,14
15,14
15,14
13,14
16,14
16,14
16,14
14,14
15,14
13,14
15,14
17,14
13,14
15,14
14,14
14,14
18,14
15,14
16,14
15,14
15,14
14,14
14,14
10,14
16,14
14,14
16,14
14,14
15,14
20,14
15,14
16,14
16,14
14,14
12,14
12,14
14,14
15,14
13,14
17,14
11,14
14,14
14,14
15,14
15,14
13,14
15,14
16,14
15,14
12,14
15,14
14,14
18,14
14,14
15,14
13,14
12,14
15,14
14,14
14,14
15,14
18,14
11,14
16,14
15,14
14,14
14,14
15,14
16,14
16,14
14,14
16,14
14,14
13,14
15,14
17,14
13,14
14,14
16,14
14,14
14,14
14,14
14,14
10,14
15,14
14,14
14,14
16,14
17,14
14,14
12,14
14,14
14,14
17,14
14,14
14,14
16,14
15,14
15,14
13,14
14,14
12,14
14,14
13,14
15,14
15,14
14,14
13,14
15,14
15,14
15,14
15,14
14,14
13,14
17,14
16,14
12,14
15,14
15,14
12,14
13,14
15,14
13,14
16,14
15,14
21,14
14,14
9,14
13,14
14,14
16,14
16,14
16,14
16,14
15,14
15,14
15,14
9,14
15,14
13,14
13,14
15,14
14,14
21,14
14,14
16,14
16,14
15,14
14,14
15,14
16,14
17,14
17,14
15,14
14,14
15,14
15,14
15,14
14,14
14,14
16,14
14,14
15,14
15,14
13,14
15,14
19,14
17,14
16,14
14,14
14,14
24,14
14,14
12,14
15,14
14,14
15,14
14,14
16,14
14,14
15,14
15,14
15,14
14,14
16,14
14,14
15,14
17,14
15,14
11,14
15,14
22,14
14,14
15,14
15,14
14,14
14,14
15,14
15,14
15,14
13,14
15,14
15,14
15,14
15,14
15,14
16,14
13,14
15,14
16,14
16,14
16,14
18,14
14,14
14,14
16,14
14,14
13,14
16,14
14,14
14,14
15,14
16,14
12,14
12,14
29,14
16,14
12,14
13,14
15,14
12,14
15,14
15,14
15,14
22,14
14,14
16,14
14,14
14,14
14,14
15,14
15,14
15,14
14,14
15,14
13,14
15,14
17,14
15,14
15,14
15,14
12,14
14,14
15,14
10,14
12,14
15,14
16,14
15,14
14,14
15,14
14,14
15,14
15,14
15,14
15,14
15,14
17,14
15,14
12,14
14,14
13,14
16,14
14,14
16,14
12,14
14,14
15,14
14,14
14,14
14,14
14,14
12,14
16,14
13,14
12,14
17,14
13,14
13,14
15,14
13,14
21,14
15,14
15,14
15,14
14,14
15,14
16,14
15,14
15,14
14,14
16,14
14,14
15,14
13,14
16,14
15,14
15,14
13,14
16,14
15,14
13,14
16,14
15,14
13,14
14,14
13,14
14,14
13,14
15,14
14,14
15,14
14,14
15,14
16,14
14,14
17,14
14,14
8,14
16,14
18,14
16,14
16,14
13,14
16,14
15,14
16,14
15,14
15,14
13,14
14,14
14,14
16,14
14,14
17,14
19,14
14,14
15,14
17,14
15,14
13,14
15,14
15,14
15,14
14,14
14,14
18,14
12,14
16,14
15,14
18,14
17,14
20,14
12,14
15,14
18,14
16,14
13,14
16,14
13,14
10,14
14,14
15,14
18,14
15,14
12,14
12,14
14,14
14,14
13,14
13,14
21,14
20,14
13,14
16,14
16,14
14,14
16,14
15,14
13,14
15,14
26,14
14,14
15,14
14,14
15,14
14,14
17,14
14,14
14,14
15,14
14,14
15,14
14,14
14,14
14,14
13,14
13,14
14,14
15,14
19,14
14,14
15,14
15,14
16,14
13,14
11,14
15,14
16,14
14,14
16,14
14,14
15,14
12,14
14,14
12,14
14,14
15,14
16,14
15,14
12,14
15,14
16,14
10,14
11,14
16,14
9,14
15,14
13,14
14,14
14,14
14,14
13,14
17,14
14,14
14,14
16,14
16,14
15,14
14,14
13,14
14,14
17,14
13,14
14,14
14,14
15,14
13,14
16,14
13,14
14,14
15,14
12,14
16,14
15,14
15,14
13,14
14,14
13,14
16,14
16,14
15,14
14,14
16,14
12,14
14,14
16,14
12,14
14,14
14,14
15,14
10,14
15,14
14,14
14,14
15,14
16,14
16,14
12,14
14,14
15,14
15,14
12,14
15,14
13,14
13,14
15,14
14,14
15,14
14,14
14,14
14,14
15,14
14,14
14,14
15,14
12,14
13,14
15,14
15,14
11,14
15,14
16,14
14,14
15,14
16,14
15,14
16,14
14,14
15,14
14,14
16,26
16,26
27,26
28,26
24,26
28,26
26,26
27,26
28,26
17,26
17,26
26,26
20,26
13,26
17,26
26,26
27,26
26,26
23,26
26,26
27,26
22,26
28,26
27,26
28,26
25,26
21,26
32,26
26,26
27,26
25,26
24,26
26,26
23,26
25,26
28,26
26,26
26,26
21,26
26,26
24,26
13,26
26,26
26,26
22,26
27,26
29,26
23,26
26,26
25,26
27,26
27,26
22,26
24,26
25,26
24,26
30,26
31,26
29,26
26,26
28,26
24,26
25,26
27,26
26,26
26,26
26,26
25,26
30,26
25,26
29,26
23,26
23,26
21,26
18,26
26,26
27,26
17,26
25,26
19,26
27,26
21,26
25,26
30,26
28,26
23,26
16,26
28,26
28,26
26,26
24,26
27,26
23,26
25,26
16,26
21,26
27,26
26,26
26,26
17,26
28,26
24,26
25,26
24,26
27,26
27,26
26,26
25,26
26,26
21,26
14,26
26,26
27,26
24,26
29,26
28,26
28,26
18,26
31,26
26,26
19,26
25,26
27,26
28,26
25,26
26,26
27,26
30,26
26,26
31,26
27,26
26,26
28,26
26,26
14,26
23,26
24,26
24,26
26,26
29,26
26,26
22,26
27,26
18,26
26,26
29,26
25,26
19,26
24,26
27,26
23,26
27,26
27,26
24,26
28,26
23,26
27,26
26,26
28,26
25,26
27,26
27,26
16,26
16,26
23,26
24,26
29,26
27,26
26,26
27,26
28,26
25,26
26,26
28,26
28,26
29,26
30,26
17,26
20,26
24,26
25,26
25,26
28,26
25,26
23,26
28,26
25,26
29,26
26,26
21,26
23,26
20,26
27,26
26,26
25,26
25,26
28,26
23,26
16,26
22,26
17,26
26,26
26,26
24,26
25,26
24,26
12,7
8,7
6,7
7,7
10,7
13,7
9,7
9,7
9,7
7,7
12,7
8,7
8,7
7,7
13,7
7,7
10,7
8,7
10,7
12,7
10,7
15,7
7,7
8,7
7,7
11,7
8,7
12,7
7,7
7,7
8,7
7,7
9,7
14,7
6,7
11,7
16,7
8,7
9,7
7,7
8,7
8,7
8,7
9,7
6,7
8,7
11,7
7,7
10,7
8,7
11,7
8,7
10,7
10,7
7,7
13,7
8,7
8,7
7,7
9,7
10,7
12,7
8,7
18,7
8,7
9,7
7,7
7,7
8,7
14,7
6,7
7,7
9,7
7,7
12,7
8,7
9,7
8,7
9,7
8,7
10,7
7,7
10,7
9,7
7,7
6,7
7,7
7,7
14,7
7,7
9,7
7,7
11,7
13,7
8,7
10,7
7,7
7,7
7,7
10,7
12,7
8,7
9,7
7,7
10,7
14,7
8,7
7,7
8,7
12,7
6,7
7,7
10,7
9,7
9,7
10,7
10,7
9,7
8,7
5,7
8,7
7,7
9,7
9,7
11,7
16,7
10,7
13,7
7,7
7,7
7,7
8,7
6,7
8,7
12,7
6,7
9,7
8,7
5,7
8,7
7,7
8,7
12,7
8,7
7,7
13,7
7,7
5,7
4,7
15,7
32,31
31,31
30,31
30,31
29,31
32,31
29,31
26,31
29,31
32,31
21,31
31,31
32,31
28,31
32,31
33,31
29,31
26,31
29,31
31,31
30,31
31,31
33,31
29,31
31,31
30,31
28,31
32,31
25,31
32,31
32,31
25,31
30,31
31,31
33,31
22,31
28,31
29,31
31,31
29,31
32,31
31,31
33,31
27,31
30,31
31,31
22,31
31,31
32,31
30,31
32,31
29,31
31,31
31,31
23,31
32,31
27,31
30,31
24,31
31,31
32,31
30,31
31,31
31,31
32,31
31,31
28,31
31,31
29,31
28,31
28,31
24,31
29,31
32,31
28,31
28,31
32,31
30,31
32,31
34,31
28,31
31,31
33,31
32,31
29,31
32,31
27,31
28,31
29,31
30,31
30,31
28,31
29,31
31,31
17,31
30,31
31,31
31,31
31,31
29,31
31,31
31,31
18,31
31,31
28,31
31,31
30,31
31,31
32,31
30,31
29,31
29,31
24,31
30,31
27,31
31,31
31,31
31,31
32,31
30,31
29,31
30,31
32,31
29,31
31,31
29,31
32,31
30,31
31,31
30,31
31,31
33,31
31,31
31,31
30,31
30,31
32,31
20,31
26,31
31,31
15,31
30,31
32,31
31,31
25,31
33,31
31,31
31,31
31,31
29,31
8,31
34,31
29,31
26,31
29,31
31,31
29,31
32,31
31,31
33,31
32,31
27,31
27,31
31,31
30,31
25,31
32,31
31,31
34,31
33,31
31,31
28,31
30,31
33,31
29,31
31,31
26,31
31,31
32,31
28,31
33,31
31,31
31,31
31,31
30,31
33,31
28,31
31,31
32,31
28,31
33,31
31,31
31,31
18,31
30,31
32,31
33,31
20,31
31,31
32,31
27,31
30,31
32,31
31,31
32,31
29,31
31,31
29,31
31,31
29,31
31,31
26,31
31,31
33,31
32,31
31,31
25,31
31,31
30,31
33,31
29,31
27,31
29,31
30,31
26,31
31,31
32,31
27,31
29,31
32,31
25,31
30,31
28,31
27,31
28,31
20,31
27,31
31,31
33,31
31,31
29,31
31,31
32,31
30,31
27,31
31,31
31,31
20,31
31,31
29,31
31,31
27,31
31,31
30,31
32,31
24,31
32,31
29,31
31,31
30,31
23,31
31,31
29,31
33,31
30,31
33,31
31,31
33,31
31,31
30,31
22,31
32,31
32,31
27,31
25,31
29,31
33,31
24,31
31,31
15,31
32,31
32,31
31,31
31,31
20,31
29,31
30,31
32,31
33,31
28,31
31,31
32,31
25,31
31,31
27,31
31,31
30,31
31,31
31,31
33,31
24,31
29,31
29,31
31,31
32,31
31,31
15,24
24,24
24,24
31,24
28,24
24,24
17,24
26,24
26,24
19,24
23,24
25,24
25,24
16,24
18,24
17,24
22,24
22,24
25,24
25,24
25,24
26,24
16,24
24,24
25,24
25,24
23,24
24,24
29,24
16,24
23,24
23,24
23,24
26,24
23,24
19,24
24,24
20,24
22,24
21,24
24,24
16,24
26,24
24,24
20,24
20,24
28,24
16,24
26,24
17,24
24,24
24,24
15,24
21,24
15,24
22,24
25,24
24,24
25,24
28,24
19,24
24,24
19,24
23,24
23,24
28,24
25,24
18,24
25,24
25,24
17,24
21,24
21,24
15,24
23,24
24,24
24,24
17,24
22,24
25,24
26,24
19,24
23,24
27,24
24,24
24,24
24,24
24,24
24,24
27,24
24,24
21,24
26,24
23,24
26,24
21,24
25,24
23,24
26,24
26,24
18,24
20,24
16,24
25,24
15,24
25,24
32,24
24,24
20,24
20,24
23,24
23,24
20,24
25,24
24,24
23,24
22,24
22,24
24,24
23,24
26,24
28,24
25,24
23,24
22,24
24,24
22,24
23,24
25,24
23,24
24,24
26,24
33,24
23,24
18,24
21,24
28,24
21,24
23,24
29,24
33,24
24,24
22,24
21,24
23,24
15,24
29,24
26,24
22,24
17,24
26,24
27,24
22,24
23,24
23,24
21,24
27,24
27,24
25,24
22,24
18,24
26,24
25,24
24,24
23,24
23,24
25,24
23,24
24,24
28,24
24,24
22,24
25,24
24,24
24,24
16,24
15,24
26,24
19,24
28,24
26,24
25,24
24,24
26,24
17,24
22,24
14,24
25,24
16,24
26,24
23,24
21,24
22,24
22,24
27,24
19,24
23,24
22,24
22,24
20,24
25,24
18,24
25,24
32,24
28,24
33,24
24,24
24,24
17,24
24,24
21,24
29,24
23,24
22,24
24,24
17,24
21,24
23,24
25,24
23,24
26,24
27,24
24,24
27,24
20,24
17,24
24,24
23,24
25,24
25,24
25,24
24,24
16,24
27,24
19,24
23,24
23,24
23,24
26,24
25,24
24,24
20,24
24,24
23,24
25,24
21,24
26,24
24,24
24,24
25,24
26,24
14,24
19,24
16,24
24,24
26,24
19,24
19,24
27,24
25,24
24,24
22,24
15,24
19,24
22,24
18,24
23,24
23,24
25,24
27,24
24,24
22,24
23,24
21,24
19,24
26,24
24,24
22,24
23,24
25,24
24,24
23,24
22,24
20,24
19,24
17,24
25,24
26,24
22,24
30,24
24,24
21,24
24,24
25,24
15,24
24,24
27,24
32,24
17,24
24,24
22,24
24,24
25,24
20,24
24,24
24,24
23,24
25,24
17,24
24,24
24,24
24,24
15,24
23,24
28,24
22,24
25,24
24,24
21,24
25,24
15,24
24,24
23,24
24,24
25,24
23,24
23,24
15,24
24,24
24,24
23,24
24,24
17,24
22,24
15,24
25,24
22,24
23,24
24,24
25,24
24,24
24,24
20,24
22,24
25,24
15,24
25,24
25,24
28,24
21,24
28,24
24,24
24,24
14,24
24,24
23,24
23,24
24,24
22,24
19,24
16,24
28,24
20,24
25,24
23,24
25,24
23,24
22,24
18,24
19,24
15,24
26,24
22,24
18,24
16,24
31,24
24,24
29,24
13,24
22,24
24,24
26,24
22,24
24,24
23,24
21,24
19,24
25,24
23,24
24,24
23,24
24,24
16,24
16,24
22,24
24,24
27,24
24,24
23,24
25,24
26,24
23,24
22,24
33,34
34,34
33,34
33,34
33,34
33,34
26,34
33,34
28,34
33,34
32,34
34,34
34,34
33,34
34,34
33,34
34,34
32,34
33,34
32,34
33,34
33,34
32,34
33,34
34,34
32,34
33,34
33,34
34,34
33,34
31,34
34,34
34,34
27,34
33,34
33,34
33,34
33,34
32,34
32,34
28,34
34,34
33,34
33,34
34,34
33,34
33,34
33,34
32,34
34,34
33,34
34,34
33,34
32,34
29,34
34,34
32,34
29,34
21,34
33,34
34,34
32,34
33,34
32,34
33,34
30,34
33,34
32,34
33,34
33,34
34,34
34,34
32,34
31,34
32,34
31,34
29,34
31,34
33,34
34,34
34,34
32,34
33,34
34,34
34,34
32,34
34,34
34,34
31,34
28,34
34,34
32,34
34,34
33,34
32,34
27,34
34,34
33,34
33,34
34,34
34,34
32,34
33,34
34,34
33,34
34,34
32,34
34,34
29,34
34,34
34,34
31,34
31,34
32,34
34,34
34,34
33,34
24,34
34,34
18,30
30,30
30,30
28,30
32,30
20,30
23,30
29,30
30,30
30,30
28,30
30,30
16,30
20,30
16,30
16,30
31,30
29,30
30,30
29,30
20,30
18,30
18,30
18,30
18,30
16,30
20,30
23,30
18,30
17,30
18,30
29,30
29,30
27,30
32,30
31,30
18,30
16,30
32,30
20,30
17,30
15,30
27,30
31,30
31,30
23,30
16,30
16,30
27,30
24,30
29,30
28,30
24,30
28,30
24,30
31,30
26,30
17,30
24,30
21,30
17,30
31,30
29,30
28,30
28,30
29,30
31,30
21,30
15,30
29,30
16,30
31,30
25,30
15,30
15,30
15,13
13,13
13,13
10,13
28,13
14,13
14,13
14,13
14,13
14,13
6,13
14,13
16,13
14,13
14,13
14,13
13,13
13,13
12,13
13,13
14,13
14,13
14,13
12,13
14,13
15,13
13,13
12,13
11,13
13,13
14,13
13,13
15,13
14,13
14,13
14,13
13,13
15,13
14,13
15,13
16,13
14,13
11,13
10,13
12,13
13,13
18,13
13,13
13,13
14,13
11,13
16,13
12,13
13,13
16,13
17,13
15,13
13,13
12,13
14,13
12,13
14,13
10,13
14,13
14,13
14,13
13,13
6,13
11,13
14,13
19,13
17,13
12,13
13,13
15,13
15,13
12,13
14,13
12,13
15,13
12,13
12,13
15,13
15,13
14,13
9,13
13,13
13,13
14,13
14,13
9,13
12,13
13,13
14,13
13,13
13,13
5,13
12,13
12,13
12,13
12,13
9,13
12,13
12,13
15,13
15,13
12,13
13,13
13,13
12,13
20,13
15,13
13,13
12,13
16,13
13,13
13,13
13,13
14,13
15,13
14,13
14,13
14,13
21,13
14,13
13,13
12,13
14,13
13,13
16,13
13,13
14,13
12,13
13,13
15,13
16,13
12,13
14,13
14,13
14,13
13,13
17,13
14,13
14,13
14,13
15,13
14,13
14,13
13,13
12,13
12,13
12,13
6,13
16,13
14,13
12,13
14,13
13,13
13,13
12,13
5,13
12,13
12,13
14,13
14,13
14,13
14,13
15,13
13,13
16,13
14,13
15,13
5,13
15,13
15,13
11,13
11,13
15,13
14,13
14,13
6,13
15,13
16,13
11,13
13,13
10,13
15,13
14,13
10,13
16,13
3,13
14,13
12,13
3,13
13,13
14,13
13,13
18,13
12,13
12,13
14,13
13,13
15,13
15,13
16,13
12,13
12,13
12,13
12,13
15,13
14,13
13,13
15,13
14,13
7,13
14,13
14,13
14,13
14,13
15,13
13,13
12,13
12,13
15,13
11,13
15,13
13,13
13,13
12,13
16,13
13,13
14,13
14,13
13,13
10,13
13,13
13,13
14,13
14,13
17,13
9,13
16,13
12,13
14,13
13,13
15,13
12,13
14,13
14,13
13,13
10,13
12,13
13,13
14,13
12,13
15,13
13,13
14,13
19,13
14,13
12,13
14,13
16,13
11,13
14,13
15,13
13,13
12,13
14,13
24,13
14,13
13,13
13,13
12,13
13,13
12,13
11,13
14,13
12,13
15,13
13,13
13,13
15,13
13,13
16,13
12,13
15,13
11,13
12,13
14,13
14,13
13,13
14,13
14,13
10,13
12,13
13,13
15,13
18,13
14,13
13,13
12,13
12,13
7,13
13,13
13,13
6,13
13,13
13,13
12,13
13,13
12,13
13,13
15,13
14,13
13,13
3,13
12,13
14,13
11,13
10,13
12,13
13,13
9,13
13,13
11,13
13,13
11,13
14,13
15,13
16,13
11,13
13,13
15,13
14,13
13,13
15,13
14,13
11,13
13,13
12,13
10,13
16,13
15,13
14,13
14,13
14,13
11,13
13,13
20,13
13,13
14,13
14,13
23,13
16,13
11,13
13,13
12,13
12,13
13,13
14,13
14,13
13,13
13,13
13,13
12,13
14,13
15,13
15,13
15,13
6,13
19,13
14,13
14,13
13,13
14,13
14,13
16,13
13,13
13,13
12,13
13,13
13,13
15,13
13,13
13,13
14,13
7,13
14,13
14,13
15,13
14,13
12,13
14,13
12,13
12,13
13,13
13,13
14,13
14,13
15,13
12,13
14,13
14,13
13,13
10,13
15,13
13,13
12,13
15,13
12,13
14,13
11,13
13,13
15,13
13,13
14,13
12,13
13,13
15,13
12,13
19,13
13,13
11,13
14,13
12,13
13,13
12,13
14,13
14,13
11,13
13,13
13,13
4,13
12,13
13,13
16,13
14,13
13,13
5,13
20,13
13,13
16,13
17,13
10,13
12,13
16,13
14,13
12,13
13,13
14,13
13,13
12,13
14,13
13,13
13,13
14,13
12,13
13,13
3,13
15,13
11,13
13,13
12,13
15,13
11,13
13,13
13,13
14,13
12,13
12,13
14,13
11,13
17,13
14,13
15,13
10,13
13,13
18,13
11,13
15,13
15,13
13,13
3,13
13,13
12,13
14,13
14,13
13,13
15,13
15,13
12,13
12,13
3,13
12,13
13,13
12,13
13,13
17,13
13,13
14,13
12,13
13,13
12,13
21,13
13,13
12,13
12,13
15,13
13,13
13,13
14,13
15,13
13,13
14,13
15,13
12,13
14,13
14,13
12,13
15,13
13,13
13,13
15,13
13,13
14,13
15,13
12,13
14,13
12,13
14,13
12,13
3,13
14,13
15,13
13,13
11,13
14,13
12,13
12,13
12,13
13,13
12,13
12,13
14,13
14,13
13,13
14,13
16,13
13,13
12,13
16,13
12,13
15,13
15,13
14,13
9,13
14,13
15,13
13,13
18,13
14,13
12,13
12,13
15,13
14,13
12,13
15,13
15,13
14,13
14,13
15,13
12,13
13,13
13,13
14,13
15,13
16,13
14,13
15,13
3,13
15,13
13,13
13,13
12,13
13,13
15,13
15,13
13,13
14,13
14,13
14,13
13,13
15,13
13,13
14,13
14,13
8,13
14,13
14,13
13,13
11,13
15,13
19,13
12,13
13,13
11,13
12,13
14,13
16,13
14,13
12,13
12,13
13,13
3,13
10,13
12,13
13,13
13,13
14,13
19,13
12,13
15,13
14,13
12,13
14,13
11,13
14,13
14,13
13,13
14,13
13,13
14,13
9,13
14,13
13,13
15,13
15,13
15,13
13,13
14,13
12,13
16,13
14,13
14,13
12,13
13,13
13,13
12,13
13,13
12,13
15,13
11,13
14,13
12,13
14,13
11,13
7,13
14,13
14,13
12,13
14,13
3,13
3,13
15,13
10,13
12,13
13,13
13,13
15,13
14,13
14,13
17,13
13,13
11,13
13,13
13,13
14,13
15,13
7,13
14,13
12,13
13,13
12,13
12,13
21,13
16,13
13,13
12,13
14,13
14,13
12,13
13,13
14,13
15,13
15,13
16,13
11,13
12,13
14,13
12,13
11,13
11,13
13,13
15,13
14,13
14,13
13,13
3,13
14,13
13,13
13,13
17,13
27,13
19,13
13,13
14,13
12,13
13,13
14,13
11,13
14,13
15,13
13,13
13,13
12,13
11,13
16,13
13,13
13,13
15,13
13,13
14,13
12,13
14,13
14,13
14,13
18,13
16,13
14,13
15,13
14,13
13,13
10,13
5,13
15,13
13,13
15,13
13,13
12,13
9,13
8,13
16,13
14,13
26,13
12,13
15,13
11,13
13,13
16,13
13,13
15,13
5,13
15,13
11,13
15,13
15,13
12,13
15,13
9,13
15,13
13,13
12,13
11,13
12,13
15,13
14,13
13,13
13,13
12,13
12,13
14,13
17,13
14,13
14,13
13,13
13,13
13,13
13,13
15,13
14,13
14,13
11,13
12,13
12,13
15,13
14,13
7,13
14,13
15,13
12,13
14,13
11,13
15,13
16,13
12,13
13,13
19,13
13,13
12,13
16,13
13,13
13,13
12,13
15,13
12,13
13,13
14,13
16,13
14,13
14,13
14,13
14,13
16,13
27,13
13,13
13,13
14,13
13,13
15,13
15,13
12,13
13,13
13,13
12,13
13,13
14,13
11,13
15,13
13,13
14,13
13,13
13,13
15,13
12,13
12,13
13,13
14,13
13,13
13,13
12,13
11,13
12,13
14,13
13,13
12,13
15,13
13,13
11,13
14,13
12,13
15,13
10,13
14,13
13,13
9,13
13,13
23,13
15,13
12,13
13,13
13,13
13,13
15,13
16,13
13,13
12,13
27,27
23,27
28,27
23,27
23,27
27,27
28,27
27,27
26,27
25,27
27,27
28,27
25,27
31,27
29,27
28,27
27,27
27,27
26,27
30,27
26,27
22,27
25,27
28,27
22,27
29,27
26,27
24,27
25,27
25,27
24,27
9,27
31,27
29,27
32,27
25,27
28,27
28,27
28,27
28,27
25,27
28,27
25,27
29,27
24,27
28,27
26,27
31,27
28,27
24,27
24,27
28,27
27,27
32,27
27,27
27,27
25,27
26,27
25,27
27,27
27,27
23,27
28,27
27,27
27,27
18,27
30,27
20,27
32,27
20,27
24,27
27,27
29,27
26,27
29,27
28,27
27,27
26,27
28,27
29,27
28,27
28,27
28,27
27,27
28,27
27,27
27,27
27,27
26,27
11,27
29,27
28,27
23,27
27,27
26,27
25,27
25,27
27,27
28,27
28,27
28,27
28,27
8,27
28,27
19,27
28,27
27,27
27,27
21,27
29,27
24,27
27,27
22,27
25,27
15,27
27,27
25,27
29,27
25,27
26,27
25,27
28,27
27,27
25,27
31,27
24,27
28,27
12,27
30,27
26,27
24,27
28,27
29,27
9,27
26,27
28,27
31,27
28,27
31,27
26,27
26,27
24,27
28,27
28,27
28,27
26,27
26,27
28,27
28,27
28,27
27,27
28,27
27,27
30,27
23,27
28,27
25,27
26,27
27,27
28,27
21,27
28,27
24,27
28,27
24,27
24,27
29,27
30,27
23,25
26,25
23,25
24,25
25,25
26,25
27,25
24,25
25,25
26,25
22,25
24,25
24,25
27,25
25,25
29,25
28,25
27,25
26,25
25,25
24,25
25,25
26,25
22,25
28,25
23,25
25,25
18,25
24,25
17,25
22,25
24,25
21,25
31,25
26,25
28,25
17,25
29,25
26,25
20,25
26,25
26,25
26,25
24,25
25,25
24,25
20,25
25,25
21,25
21,25
25,25
23,25
26,25
27,25
22,25
25,25
12,25
26,25
22,25
21,25
25,25
17,25
28,25
27,25
26,25
25,25
26,25
24,25
22,25
24,25
25,25
26,25
29,25
23,25
25,25
19,25
24,25
26,25
21,25
21,25
25,25
22,25
21,25
28,25
14,25
27,25
18,25
23,25
26,25
25,25
26,25
14,25
27,25
24,25
21,25
26,25
16,25
15,25
22,25
26,25
25,25
23,25
23,25
16,25
18,25
19,25
25,25
24,25
26,25
26,25
20,25
25,25
18,25
24,25
24,25
19,25
21,25
24,25
27,25
26,25
26,25
17,25
16,25
23,25
21,25
24,25
25,25
23,25
15,25
26,25
25,25
23,25
20,25
15,25
16,25
27,25
24,25
21,25
17,25
25,25
24,25
26,25
25,25
23,25
23,25
26,25
30,25
24,25
20,25
29,25
19,25
25,25
24,25
18,25
24,25
21,25
26,25
25,25
26,25
26,25
25,25
27,25
26,25
29,25
28,25
25,25
23,25
20,25
15,25
27,25
15,25
30,25
29,25
18,25
28,25
22,25
21,25
25,25
30,25
25,25
23,25
27,25
24,25
13,25
27,25
24,25
24,25
25,25
26,25
18,25
21,25
24,25
22,25
26,25
23,25
27,25
10,8
8,8
9,8
8,8
8,8
10,8
10,8
12,8
10,8
10,8
9,8
9,8
8,8
9,8
8,8
19,8
10,8
8,8
10,8
8,8
7,8
15,8
12,8
7,8
11,8
9,8
6,8
8,8
8,8
8,8
10,8
9,8
8,8
19,8
6,8
6,8
11,8
9,8
6,8
8,8
7,8
9,8
7,8
9,8
9,8
11,8
9,8
9,8
8,8
4,8
9,8
8,8
11,8
10,8
9,8
8,8
10,8
8,8
9,8
9,8
3,8
11,8
7,8
11,8
8,8
9,8
8,8
12,8
9,8
9,8
9,8
8,8
8,8
10,8
9,8
8,8
10,8
10,8
9,8
8,8
11,8
9,8
10,8
9,8
3,8
11,8
10,8
9,8
11,8
7,8
8,8
12,8
9,8
9,8
12,8
8,8
12,8
9,8
8,8
12,8
10,8
9,8
10,8
10,8
10,8
6,8
9,8
11,8
8,8
8,8
8,8
10,8
8,8
8,8
10,8
9,8
12,8
9,8
12,8
10,8
11,8
10,8
8,8
9,8
10,8
7,8
10,8
15,8
11,8
8,8
4,8
10,8
8,8
11,8
9,8
10,8
10,8
7,8
10,8
12,8
10,8
8,8
8,8
7,8
8,8
8,8
8,8
5,8
8,8
7,8
11,8
8,8
9,8
7,8
12,8
8,8
9,8
8,8
7,8
8,8
9,8
9,8
11,8
11,8
11,8
10,8
7,8
15,8
7,8
8,8
10,8
8,8
12,8
3,8
10,8
9,8
9,8
9,8
8,8
9,8
8,8
8,8
8,8
9,8
4,8
6,8
10,8
7,8
11,8
5,8
8,8
8,8
11,8
7,8
9,8
7,8
9,8
10,8
3,8
10,8
11,8
14,8
10,8
13,8
9,8
7,8
9,8
10,8
9,8
14,8
14,8
11,8
7,8
7,8
13,8
8,8
11,8
9,8
8,8
10,8
13,8
7,8
6,8
8,8
9,8
7,8
9,8
9,8
11,8
8,8
8,8
8,8
10,8
8,8
9,8
11,8
18,8
7,8
9,8
10,8
9,8
11,8
12,8
8,8
10,8
10,8
11,8
8,8
8,8
10,8
11,8
7,8
9,8
9,8
8,8
9,8
11,8
9,8
9,8
6,8
7,8
8,8
7,8
10,8
9,8
10,8
11,8
9,8
10,8
9,8
11,8
8,8
8,8
8,8
8,8
19,8
11,8
6,8
11,8
8,8
8,8
10,8
11,8
10,8
8,8
8,8
7,8
11,8
8,8
22,8
3,8
9,8
10,8
8,8
6,8
8,8
9,8
13,8
9,8
3,8
6,8
7,8
10,8
9,8
11,8
18,8
9,8
7,8
7,8
9,8
12,8
9,8
11,8
8,8
8,8
10,8
9,8
11,8
10,8
10,8
8,8
8,8
10,8
10,8
12,8
11,8
9,8
9,8
8,8
7,8
9,8
16,8
9,8
10,8
8,8
8,8
10,8
12,8
9,8
10,8
8,8
8,8
6,8
11,8
9,8
9,8
9,8
9,8
9,8
8,8
9,8
11,8
8,8
7,8
9,8
9,8
8,8
9,8
5,8
8,8
12,8
7,8
9,8
8,8
8,8
7,8
12,8
9,8
9,8
8,8
8,8
8,8
11,8
15,8
7,8
9,8
9,8
8,8
9,8
9,8
14,8
8,8
7,8
9,8
9,8
8,8
9,8
9,8
10,8
13,8
8,8
8,8
10,8
8,8
8,8
10,8
5,8
10,8
11,8
8,8
9,8
11,8
9,8
8,8
9,8
10,8
5,8
6,8
9,8
8,8
8,8
7,8
7,8
12,8
11,8
11,8
11,8
7,8
9,8
8,8
8,8
11,8
10,8
8,8
3,8
8,8
9,8
8,8
9,8
11,8
9,8
12,8
11,8
8,8
9,8
7,8
10,8
11,8
9,8
8,8
12,8
8,8
11,8
8,8
7,8
9,8
9,8
8,8
10,8
10,8
11,8
8,8
6,8
11,8
12,8
12,8
7,8
8,8
10,8
17,8
6,8
5,8
7,8
13,8
8,8
9,8
9,8
8,8
10,8
12,8
7,8
9,8
8,8
10,8
13,8
8,8
8,8
8,8
9,8
8,8
12,8
6,8
8,8
8,8
8,8
8,8
9,8
8,8
10,8
9,8
8,8
10,8
7,8
9,8
3,8
14,8
10,8
9,8
8,8
7,8
9,8
9,8
8,8
8,8
12,8
10,8
10,8
11,8
11,8
12,8
14,8
11,8
10,8
9,8
8,8
8,8
11,8
10,8
9,8
11,8
9,8
9,8
8,8
9,8
6,8
9,8
11,8
8,8
11,8
11,8
9,8
9,8
10,8
9,8
9,8
11,8
9,8
10,8
9,8
10,8
9,8
10,8
4,8
10,8
12,8
7,8
5,8
10,8
9,8
9,8
8,8
9,8
8,8
12,8
12,8
15,8
8,8
8,8
9,8
14,8
7,8
9,8
6,8
10,8
8,8
6,8
7,8
10,8
10,8
11,8
7,8
9,8
6,8
8,8
8,8
9,8
8,8
10,8
13,8
9,8
6,8
8,8
8,8
12,8
9,8
10,8
4,8
13,8
8,8
10,8
8,8
10,8
11,8
10,8
11,8
9,8
9,8
13,8
9,8
10,8
7,8
7,8
10,8
11,8
7,8
8,8
16,15
17,15
15,15
13,15
17,15
16,15
16,15
21,15
16,15
16,15
23,15
9,15
16,15
15,15
12,15
13,15
16,15
15,15
16,15
17,15
13,15
17,15
14,15
14,15
16,15
12,15
15,15
18,15
20,15
15,15
15,15
15,15
15,15
16,15
15,15
15,15
17,15
16,15
16,15
11,15
15,15
16,15
15,15
12,15
18,15
15,15
27,15
16,15
16,15
15,15
14,15
16,15
16,15
17,15
17,15
16,15
17,15
16,15
15,15
16,15
15,15
14,15
17,15
15,15
16,15
15,15
16,15
13,15
15,15
9,15
15,15
18,15
16,15
15,15
12,15
16,15
15,15
15,15
15,15
14,15
21,15
12,15
15,15
15,15
14,15
16,15
16,15
14,15
15,15
19,15
15,15
15,15
15,15
15,15
15,15
19,15
15,15
15,15
16,15
16,15
15,15
17,15
27,15
16,15
16,15
16,15
15,15
16,15
15,15
15,15
16,15
16,15
19,15
15,15
16,15
16,15
17,15
16,15
16,15
24,15
15,15
16,15
15,15
13,15
16,15
16,15
19,15
14,15
16,15
15,15
16,15
15,15
15,15
15,15
17,15
17,15
15,15
15,15
15,15
26,15
14,15
15,15
17,15
18,15
15,15
16,15
16,15
18,15
14,15
17,15
16,15
18,15
15,15
15,15
15,15
15,15
16,15
15,15
16,15
14,15
17,15
14,15
15,15
24,15
18,15
15,15
24,15
14,15
16,15
28,15
15,15
13,15
15,15
14,15
14,15
17,15
26,15
14,15
15,15
16,15
18,15
16,15
16,15
16,15
31,15
16,15
19,15
14,15
15,15
15,15
15,15
18,15
16,15
16,15
15,15
20,15
16,15
15,15
15,15
15,15
15,15
17,15
16,15
17,15
16,15
16,15
15,15
16,15
17,15
16,15
19,15
16,15
16,15
14,15
17,15
15,15
16,15
15,15
15,15
15,15
15,15
19,15
16,15
17,15
14,15
15,15
15,15
15,15
16,15
17,15
14,15
16,15
17,15
15,15
15,15
14,15
13,15
15,15
15,15
16,15
12,15
16,15
15,15
15,15
15,15
16,15
16,15
15,15
15,15
15,15
13,15
15,15
16,15
31,15
14,15
12,15
16,15
17,15
13,15
26,15
15,15
10,15
15,15
15,15
13,15
19,15
15,15
15,15
14,15
15,15
15,15
16,15
22,15
16,15
27,15
11,15
16,15
17,15
15,15
15,15
15,15
15,15
22,15
15,15
15,15
15,15
16,15
17,15
16,15
15,15
15,15
17,15
16,15
17,15
16,15
16,15
17,15
16,15
17,15
15,15
16,15
16,15
16,15
17,15
17,15
15,15
16,15
17,15
16,15
14,15
14,15
18,15
18,15
15,15
15,15
18,15
16,15
16,15
15,15
17,15
17,15
15,15
15,15
16,15
16,15
16,15
16,15
17,15
13,15
15,15
16,15
16,15
16,15
15,15
15,15
15,15
11,15
16,15
16,15
15,15
16,15
16,15
18,15
16,15
15,15
8,15
13,15
11,15
15,15
16,15
12,15
16,15
15,15
16,15
14,15
16,15
16,15
15,15
12,15
15,15
16,15
15,15
16,15
19,15
15,15
17,15
16,15
16,15
13,15
15,15
16,15
15,15
17,15
15,15
22,15
15,15
17,15
13,15
18,15
16,15
15,15
16,15
12,15
16,15
16,15
17,15
17,15
11,15
16,15
16,15
17,15
15,15
16,15
14,15
14,15
16,15
15,15
17,15
25,15
15,15
25,15
16,15
14,15
16,15
15,15
15,15
15,15
15,15
23,15
16,15
16,15
25,15
14,15
23,15
14,15
15,15
15,15
16,15
15,15
15,15
16,15
18,15
19,15
12,15
15,15
19,15
17,15
21,15
15,15
15,15
16,15
15,15
18,15
16,15
14,15
12,15
15,15
17,15
16,15
16,15
17,15
22,15
17,15
17,15
13,15
16,15
15,15
16,15
14,15
16,15
20,15
14,15
28,15
19,15
15,15
15,15
8,15
25,15
17,15
13,15
15,15
16,15
15,15
9,15
16,15
17,15
14,15
16,15
16,15
16,15
17,15
11,15
14,15
16,15
17,15
14,15
16,15
20,15
19,15
14,15
16,15
14,15
14,15
17,15
16,15
15,15
16,15
16,15
15,15
16,15
27,15
11,15
16,15
15,15
16,15
17,15
15,15
16,15
16,15
17,15
16,15
15,15
15,15
15,15
22,15
19,15
28,15
19,15
14,15
15,15
15,15
17,15
17,15
16,15
15,15
15,15
17,15
15,15
13,15
16,15
14,15
15,15
17,15
15,15
12,15
15,15
24,15
23,15
16,15
17,15
15,15
15,15
15,15
15,15
16,15
12,15
17,15
24,15
13,15
15,15
16,15
14,15
13,15
30,15
17,15
16,15
16,15
17,15
13,15
23,15
15,15
15,15
16,15
20,15
15,15
16,15
16,15
15,15
15,15
16,15
16,15
11,15
16,15
18,15
15,15
14,15
14,15
15,15
15,15
17,15
15,15
15,15
17,15
14,15
17,15
15,15
15,15
16,15
16,15
16,15
17,15
15,15
16,15
17,15
17,15
15,15
15,15
15,15
14,15
16,15
15,15
16,15
15,15
20,15
16,15
13,15
15,15
23,15
16,15
15,15
17,15
19,15
15,15
14,15
15,15
12,15
15,15
15,15
15,15
16,15
15,15
18,15
14,15
17,15
16,15
16,15
16,15
11,15
18,15
16,15
16,15
16,15
13,15
14,15
16,15
16,15
15,15
16,15
14,15
18,15
16,15
16,15
17,15
17,15
16,15
12,15
15,15
16,15
16,15
15,15
17,15
15,15
16,15
12,15
16,15
13,15
15,15
14,15
15,15
13,15
16,15
16,15
16,15
16,15
11,15
16,15
16,15
16,15
18,15
15,15
15,15
18,15
16,15
12,15
15,15
21,15
15,15
15,15
16,15
15,15
13,15
15,15
16,15
15,15
9,15
15,15
15,15
16,15
15,15
15,15
16,15
15,15
14,15
16,15
15,15
16,15
15,15
18,15
17,15
17,15
18,15
16,15
16,15
15,15
14,15
19,15
16,15
6,15
21,15
9,15
16,15
16,15
15,15
9,15
28,15
15,15
24,15
12,15
15,15
18,15
17,15
14,15
17,15
15,15
13,15
16,15
16,15
19,15
17,15
15,15
16,15
15,15
15,15
15,15
15,15
15,15
17,15
16,15
19,15
16,15
16,15
18,15
12,15
15,15
17,15
15,15
15,15
17,15
16,15
14,15
16,15
17,15
15,15
16,15
15,15
16,15
14,15
16,15
15,15
15,15
14,15
14,15
16,15
16,15
13,15
17,15
14,15
16,15
17,15
13,15
16,15
15,15
16,15
16,15
15,15
16,15
17,15
15,15
14,15
14,15
15,15
14,15
17,15
13,15
14,15
17,15
15,15
14,15
15,15
15,15
16,15
15,15
17,15
15,15
24,15
18,15
20,15
16,15
15,15
15,15
16,15
15,15
15,15
15,15
16,15
18,15
22,15
16,15
15,15
15,15
15,15
16,15
15,15
18,15
16,15
28,15
15,15
16,15
22,15
16,15
17,15
15,15
16,15
17,15
20,15
23,15
17,15
15,15
15,15
17,15
16,15
14,15
16,15
15,15
15,15
14,15
16,15
16,15
16,15
16,15
16,15
20,15
16,15
15,15
16,15
15,15
14,15
15,15
17,15
26,15
18,15
15,15
17,15
18,15
12,15
15,15
15,15
15,15
16,15
16,15
25,15
15,15
11,15
17,15
16,15
15,15
13,15
21,15
17,15
15,15
17,15
13,15
17,15
15,15
15,15
16,15
17,15
15,15
15,15
15,15
16,15
14,15
15,15
15,15
16,15
17,15
15,15
15,15
15,15
14,15
15,15
16,15
14,15
16,15
17,15
15,15
14,15
15,15
16,15
15,15
14,15
16,15
17,15
16,15
12,15
16,15
14,15
15,15
17,15
18,15
15,15
14,15
16,15
17,15
17,15
15,15
16,15
15,15
16,15
16,15
15,15
16,15
15,15
16,15
15,15
12,15
14,15
16,15
16,15
13,15
17,15
15,15
20,15
17,15
15,15
14,15
18,15
16,15
15,15
16,15
16,15
14,15
7,15
11,15
20,15
15,15
16,15
13,15
16,15
15,15
17,15
12,15
16,15
16,15
16,15
16,15
15,15
3,2
3,2
3,2
3,2
3,2
3,2
3,2
3,2
6,2
3,2
3,2
3,2
3,2
3,2
3,2
3,2
3,2
3,2
3,2
3,2
3,2
3,2
3,2
3,2
3,2
3,2
3,2
3,2
3,2
3,2
3,2
3,2
3,2
2,2
3,2
3,2
3,2
4,2
3,2
3,2
3,2
3,2
3,2
3,2
3,2
3,2
3,2
4,2
3,2
3,2
3,2
3,2
3,2
3,2
3,2
3,2
3,2
3,2
3,2
3,2
3,2
3,2
3,2
3,2
3,2
3,2
3,2
3,2
3,2
3,2
3,2
3,2
3,2
3,2
3,2
3,2
3,2
3,2
3,2
3,2
3,2
3,2
3,2
3,2
3,2
3,2
3,2
3,2
3,2
3,2
3,2
7,2
3,2
3,2
3,2
3,2
3,2
3,2
3,2
3,2
3,2
3,2
3,2
3,2
3,2
3,2
3,2
3,2
3,2
3,2
3,2
3,2
4,2
3,2
3,2
3,2
3,2
3,2
3,2
3,2
3,2
3,2
3,2
3,2
3,2
3,2
3,2
3,2
3,2
3,2
3,2
3,2
3,2
3,2
3,2
3,2
3,2
3,2
3,2
3,2
3,2
3,2
3,2
3,2
3,2
3,2
3,2
3,2
3,2
3,2
3,2
3,2
3,2
3,2
3,2
3,2
3,2
3,2
3,2
3,2
3,2
3,2
3,2
3,2
3,2
3,2
3,2
3,2
3,2
3,2
3,2
2,2
3,2
3,2
3,2
3,2
3,2
3,2
3,2
3,2
3,2
3,2
3,2
3,2
3,2
3,2
3,2
3,2
3,2
3,2
3,2
3,2
3,2
3,2
3,2
3,2
3,2
3,2
3,2
3,2
3,2
3,2
3,2
3,2
3,2
3,2
3,2
3,2
3,2
3,2
3,2
3,2
3,2
3,2
3,2
3,2
3,2
3,2
3,2
3,2
3,2
3,2
3,2
3,2
3,2
3,2
3,2
3,2
3,2
3,2
3,2
3,2
3,2
3,2
3,2
3,2
3,2
3,2
3,2
3,2
3,2
3,2
3,2
5,2
3,2
3,2
3,2
3,2
3,2
3,2
3,2
4,2
3,2
3,2
3,2
3,2
9,2
3,2
3,2
3,2
3,2
3,2
3,2
3,2
3,2
3,2
3,2
3,2
3,2
3,2
3,2
3,2
3,2
3,2
3,2
3,2
3,2
3,2
3,2
3,2
3,2
3,2
3,2
3,2
3,2
3,2
3,2
3,2
2,2
3,2
3,2
3,2
3,2
3,2
3,2
3,2
3,2
3,2
3,2
3,2
3,2
3,2
3,2
3,2
3,2
3,2
3,2
3,2
3,2
3,2
3,2
3,2
3,2
3,2
3,2
3,2
3,2
3,2
3,2
3,2
3,2
3,2
3,2
3,2
3,2
3,2
3,2
3,2
3,2
4,2
3,2
3,2
3,2
3,2
3,2
3,2
3,2
3,2
3,2
3,2
3,2
3,2
3,2
3,2
3,2
3,2
3,2
3,2
3,2
3,2
3,2
3,2
3,2
3,2
3,2
3,2
3,2
3,2
3,2
3,2
3,2
3,2
3,2
3,2
3,2
3,2
3,2
3,2
3,2
3,2
3,2
3,2
3,2
3,2
3,2
3,2
3,2
3,2
3,2
3,2
3,2
3,2
3,2
3,2
3,2
3,2
3,2
3,2
3,2
3,2
3,2
3,2
3,2
3,2
3,2
3,2
3,2
3,2
3,2
3,2
3,2
3,2
3,2
3,2
3,2
3,2
3,2
3,2
3,2
3,2
3,2
3,2
3,2
3,2
3,2
3,2
3,2
3,2
3,2
3,2
3,2
3,2
3,2
3,2
3,2
3,2
3,2
3,2
3,2
3,2
2,2
3,2
3,2
3,2
3,2
3,2
3,2
3,2
3,2
3,2
3,2
3,2
3,2
3,2
3,2
3,2
3,2
3,2
3,2
3,2
3,2
3,2
3,2
3,2
3,2
3,2
3,2
3,2
3,2
3,2
2,2
3,2
3,2
3,2
3,2
3,2
3,2
3,2
3,2
3,2
3,2
3,2
3,2
3,2
3,2
3,2
3,2
3,2
3,2
3,2
3,2
3,2
3,2
3,2
3,2
4,2
3,2
3,2
3,2
3,2
3,2
3,2
3,2
3,2
3,2
3,2
3,2
3,2
3,2
3,2
3,2
3,2
3,2
3,2
3,2
3,2
3,2
2,2
3,2
3,2
3,2
3,2
5,2
3,2
4,2
3,2
3,2
3,2
4,2
4,2
3,2
3,2
3,2
3,2
3,2
3,2
3,2
3,2
3,2
3,2
3,2
3,2
3,2
3,2
3,2
3,2
3,2
3,2
3,2
3,2
3,2
3,2
3,2
3,2
3,2
3,2
3,2
3,2
3,2
3,2
3,2
3,2
3,2
3,2
3,2
3,2
3,2
3,2
3,2
3,2
3,2
3,2
3,2
3,2
3,2
3,2
3,2
3,2
3,2
3,2
3,2
3,2
3,2
3,2
3,2
3,2
3,2
3,2
3,2
3,2
3,2
3,2
3,2
3,2
3,2
3,2
3,2
3,2
3,2
3,2
3,2
3,2
3,2
3,2
4,2
3,2
3,2
3,2
3,2
3,2
3,2
3,2
3,2
3,2
3,2
3,2
3,2
3,2
3,2
3,2
3,2
3,2
3,2
3,2
3,2
3,2
3,2
3,2
3,2
3,2
3,2
3,2
3,2
3,2
3,2
3,2
3,2
3,2
3,2
3,2
3,2
3,2
3,2
3,2
3,2
3,2
3,2
3,2
9,2
3,2
3,2
3,2
3,2
3,2
3,2
3,2
3,2
3,2
3,2
3,2
3,2
3,2
3,2
3,2
2,2
3,2
3,2
3,2
3,2
3,2
3,2
3,2
3,2
3,2
3,2
3,2
3,2
3,2
3,2
3,2
3,2
3,2
3,2
4,2
3,2
3,2
3,2
3,2
3,2
3,2
3,2
3,2
3,2
3,2
3,2
3,2
3,2
3,2
3,2
3,2
3,2
3,2
3,2
3,2
3,2
3,2
3,2
3,2
3,2
3,2
3,2
5,2
3,2
3,2
3,2
3,2
3,2
3,2
3,2
3,2
3,2
3,2
3,2
3,2
3,2
3,2
3,2
3,2
3,2
3,2
3,2
3,2
3,2
3,2
3,2
3,2
3,2
3,2
3,2
3,2
3,2
3,2
3,2
3,2
3,2
3,2
3,2
3,2
3,2
4,2
3,2
3,2
3,2
3,2
3,2
2,2
3,2
3,2
3,2
3,2
3,2
3,2
3,2
3,2
6,2
3,2
3,2
3,2
3,2
3,2
3,2
3,2
3,2
3,2
3,2
3,2
3,2
3,2
3,2
3,2
3,2
3,2
3,2
3,2
3,2
3,2
3,2
3,2
3,2
3,2
3,2
3,2
3,2
3,2
3,2
5,2
3,2
3,2
3,2
3,2
3,2
3,2
3,2
3,2
3,2
3,2
3,2
3,2
3,2
3,2
3,2
3,2
3,2
3,2
3,2
3,2
3,2
3,2
3,2
3,2
3,2
3,2
3,2
3,2
3,2
3,2
3,2
3,2
3,2
3,2
3,2
3,2
3,2
3,2
3,2
4,2
3,2
3,2
3,2
3,2
3,2
3,2
3,2
3,2
3,2
3,2
3,2
3,2
3,2
3,2
3,2
3,2
3,2
3,2
3,2
3,2
3,2
3,2
3,2
3,2
3,2
3,2
3,2
3,2
3,2
3,2
3,2
3,2
3,2
3,2
3,2
3,2
3,2
3,2
3,2
3,2
3,2
3,2
3,2
3,2
3,2
3,2
3,2
3,2
3,2
3,2
3,2
3,2
3,2
3,2
4,2
3,2
3,2
3,2
3,2
3,2
2,2
3,2
3,2
3,2
3,2
3,2
3,2
3,2
3,2
3,2
3,2
10,2
3,2
3,2
3,2
3,2
3,2
3,2
3,2
3,2
3,2
3,2
3,2
3,2
3,2
3,2
3,2
3,2
3,2
3,2
3,2
3,2
3,2
3,2
5,2
3,2
3,2
3,2
3,2
3,2
3,2
3,2
3,2
2,2
3,2
3,2
3,2
3,2
3,2
3,2
3,2
3,2
3,2
3,2
3,2
3,2
3,2
3,2
3,2
3,2
3,2
3,2
3,2
3,2
3,2
3,2
3,2
3,2
3,2
3,2
3,2
3,2
3,2
3,2
3,2
3,2
3,2
3,2
3,2
3,2
3,2
3,2
3,2
3,2
3,2
3,2
3,2
3,2
3,2
3,2
3,2
3,2
3,2
3,2
3,2
3,2
3,2
3,2
3,2
3,2
3,2
3,2
3,2
3,2
3,2
3,2
3,2
3,2
3,2
3,2
3,2
3,2
3,2
3,2
3,2
3,2
3,2
3,2
3,2
3,2
3,2
3,2
3,2
3,2
3,2
3,2
3,2
3,2
3,2
3,2
3,2
3,2
3,2
3,2
3,2
3,2
3,2
3,2
3,2
3,2
3,2
3,2
3,2
3,2
31,30
30,30
31,30
30,30
30,30
31,30
24,30
30,30
21,30
25,30
31,30
23,30
32,30
31,30
31,30
14,30
28,30
31,30
31,33
31,33
33,33
32,33
29,33
32,33
31,33
33,33
31,33
33,33
33,33
33,33
25,33
33,33
34,33
34,33
33,33
33,33
24,33
32,33
32,33
34,33
33,33
24,33
34,33
33,33
33,33
31,33
14,33
28,33
32,33
29,33
33,33
26,33
32,33
33,33
32,33
33,33
33,33
30,33
33,33
32,33
29,33
22,33
29,33
31,33
33,33
34,33
33,33
32,33
34,33
32,33
32,33
34,33
25,33
32,33
18,33
33,33
33,33
30,33
33,33
33,33
34,33
12,33
33,33
24,33
30,33
15,33
32,33
29,33
34,33
32,33
33,33
33,33
25,33
34,33
33,33
33,33
32,33
34,33
14,33
34,33
28,33
34,33
32,33
33,33
31,33
33,33
33,33
30,33
32,33
33,33
33,33
32,33
34,33
33,33
34,33
28,33
33,33
29,33
13,33
33,33
32,33
32,33
33,33
33,33
33,33
31,33
25,33
32,33
32,33
30,33
33,33
31,33
23,21
20,21
18,21
19,21
22,21
20,21
19,21
20,21
20,21
20,21
21,21
21,21
22,21
20,21
17,21
21,21
22,21
22,21
19,21
17,21
22,21
25,21
21,21
19,21
21,21
18,21
21,21
16,21
20,21
21,21
13,21
21,21
13,21
21,21
19,21
27,21
21,21
23,21
24,21
16,21
26,21
22,21
22,21
22,21
15,21
22,21
27,21
11,21
22,21
20,21
24,21
21,21
22,21
16,21
25,21
20,21
20,21
22,21
22,21
22,21
22,21
22,21
22,21
23,21
17,21
22,21
24,21
20,21
22,21
21,21
17,21
20,21
23,21
20,21
24,21
15,21
21,21
18,21
17,21
19,21
21,21
18,21
24,21
19,21
23,21
19,21
17,21
16,21
22,21
24,21
22,21
23,21
22,21
21,21
12,21
16,21
24,21
18,21
20,21
19,21
22,21
20,21
23,21
17,21
22,21
20,21
23,21
23,21
22,21
22,21
19,21
16,21
22,21
19,21
19,21
22,21
17,21
21,21
17,21
16,21
20,21
14,21
22,21
21,21
22,21
18,21
30,21
24,21
21,21
17,21
21,21
21,21
17,21
21,21
14,21
22,21
19,21
20,21
25,21
21,21
28,21
18,21
21,21
24,21
22,21
20,21
26,21
20,21
22,21
21,21
21,21
19,21
22,21
15,21
21,21
22,21
22,21
16,21
24,21
20,21
24,21
16,21
22,21
17,21
21,21
16,21
22,21
21,21
15,21
20,21
24,21
19,21
22,21
19,21
26,21
21,21
16,21
21,21
22,21
23,21
22,21
21,21
21,21
21,21
24,21
20,21
21,21
17,21
22,21
22,21
17,21
20,21
23,21
25,21
22,21
23,21
23,21
21,21
16,21
14,21
22,21
19,21
20,21
24,21
20,21
19,21
16,21
15,21
16,21
16,21
16,21
20,21
21,21
14,21
31,21
22,21
28,21
21,21
20,21
15,21
20,21
22,21
22,21
19,21
16,21
23,21
20,21
21,21
20,21
24,21
22,21
19,21
18,21
27,21
23,21
23,21
19,21
18,21
22,21
22,21
21,21
23,21
18,21
18,21
21,21
23,21
22,21
16,21
18,21
23,21
21,21
18,21
23,21
21,21
15,21
22,21
10,21
28,21
20,21
21,21
19,21
21,21
19,21
22,21
22,21
22,21
22,21
22,21
23,21
19,21
19,21
26,21
17,21
22,21
20,21
25,21
29,21
19,21
20,21
22,21
17,21
19,21
20,21
16,21
21,21
20,21
21,21
15,21
22,21
25,21
20,21
14,21
22,21
20,21
22,21
23,21
22,21
22,21
18,21
28,21
19,21
22,21
21,21
19,21
21,21
22,21
22,21
20,21
14,21
18,21
19,21
21,21
19,21
20,21
17,21
22,21
21,21
25,21
21,21
30,21
22,21
23,21
18,21
21,21
19,21
20,21
23,21
21,21
23,21
24,21
21,21
22,21
24,21
26,21
21,21
25,21
17,21
21,21
20,21
19,21
17,21
23,21
20,21
21,21
22,21
22,21
17,21
14,21
17,21
16,21
16,21
22,21
21,21
26,21
18,21
22,21
22,21
22,21
24,21
18,21
21,21
23,21
22,21
21,21
17,21
22,21
22,21
14,21
21,21
22,21
19,21
24,21
19,21
21,21
17,21
20,21
24,21
23,21
20,21
16,21
22,21
12,12
13,12
15,12
12,12
11,12
12,12
14,12
13,12
16,12
15,12
14,12
12,12
17,12
12,12
13,12
11,12
12,12
12,12
11,12
14,12
13,12
12,12
14,12
13,12
13,12
14,12
15,12
9,12
13,12
14,12
15,12
14,12
12,12
12,12
13,12
11,12
12,12
12,12
13,12
14,12
12,12
13,12
12,12
17,12
14,12
14,12
14,12
12,12
11,12
12,12
11,12
13,12
11,12
12,12
13,12
14,12
13,12
15,12
12,12
10,12
14,12
12,12
13,12
11,12
12,12
12,12
12,12
12,12
8,12
12,12
12,12
12,12
12,12
13,12
13,12
11,12
12,12
17,12
12,12
12,12
12,12
12,12
13,12
13,12
11,12
11,12
13,12
13,12
11,12
14,12
10,12
13,12
15,12
12,12
15,12
12,12
15,12
13,12
13,12
15,12
12,12
22,12
15,12
13,12
13,12
13,12
11,12
12,12
14,12
12,12
12,12
14,12
15,12
14,12
13,12
13,12
11,12
13,12
15,12
14,12
12,12
9,12
10,12
12,12
15,12
12,12
12,12
13,12
13,12
13,12
12,12
13,12
11,12
11,12
12,12
13,12
12,12
13,12
12,12
14,12
12,12
12,12
13,12
11,12
29,12
12,12
15,12
11,12
13,12
14,12
16,12
12,12
12,12
11,12
12,12
15,12
15,12
13,12
7,12
13,12
9,12
12,12
14,12
11,12
18,12
12,12
12,12
12,12
13,12
12,12
10,12
16,12
13,12
13,12
15,12
11,12
12,12
12,12
12,12
15,12
13,12
21,12
12,12
14,12
12,12
13,12
12,12
12,12
13,12
16,12
12,12
12,12
16,12
12,12
13,12
12,12
13,12
12,12
12,12
13,12
12,12
14,12
14,12
8,12
11,12
12,12
13,12
12,12
12,12
15,12
12,12
14,12
12,12
13,12
11,12
13,12
13,12
12,12
12,12
12,12
14,12
12,12
12,12
14,12
13,12
13,12
15,12
13,12
14,12
13,12
12,12
12,12
13,12
13,12
13,12
13,12
13,12
12,12
12,12
12,12
11,12
12,12
13,12
12,12
11,12
13,12
17,12
15,12
12,12
12,12
12,12
11,12
13,12
13,12
12,12
13,12
12,12
12,12
12,12
12,12
9,12
12,12
14,12
12,12
12,12
15,12
13,12
12,12
13,12
13,12
11,12
12,12
15,12
14,12
12,12
13,12
13,12
11,12
13,12
12,12
22,12
13,12
9,12
12,12
14,12
14,12
9,12
12,12
12,12
13,12
12,12
13,12
14,12
12,12
16,12
12,12
13,12
15,12
11,12
13,12
11,12
12,12
11,12
13,12
15,12
12,12
13,12
15,12
12,12
13,12
14,12
13,12
12,12
12,12
12,12
12,12
11,12
12,12
12,12
12,12
9,12
18,12
10,12
11,12
13,12
12,12
24,12
13,12
14,12
24,12
20,12
12,12
12,12
14,12
14,12
12,12
12,12
21,12
14,12
13,12
15,12
12,12
13,12
10,12
12,12
14,12
12,12
12,12
12,12
14,12
15,12
14,12
13,12
12,12
11,12
13,12
12,12
10,12
12,12
13,12
12,12
21,12
13,12
15,12
15,12
13,12
13,12
11,12
10,12
12,12
13,12
16,12
12,12
14,12
15,12
12,12
14,12
12,12
14,12
12,12
12,12
15,12
14,12
16,12
13,12
15,12
11,12
14,12
14,12
14,12
13,12
13,12
13,12
16,12
14,12
14,12
13,12
12,12
14,12
12,12
12,12
12,12
12,12
12,12
10,12
13,12
13,12
12,12
13,12
28,12
12,12
13,12
12,12
12,12
13,12
14,12
14,12
13,12
8,12
15,12
13,12
14,12
13,12
13,12
10,12
11,12
13,12
14,12
14,12
13,12
13,12
14,12
13,12
12,12
12,12
13,12
10,12
12,12
12,12
19,12
12,12
20,12
11,12
14,12
11,12
12,12
12,12
13,12
14,12
13,12
12,12
14,12
13,12
11,12
14,12
12,12
12,12
13,12
13,12
12,12
11,12
14,12
12,12
12,12
13,12
11,12
15,12
13,12
12,12
12,12
13,12
12,12
11,12
13,12
12,12
21,12
12,12
14,12
14,12
12,12
13,12
12,12
12,12
12,12
12,12
12,12
12,12
17,12
13,12
12,12
12,12
10,12
12,12
13,12
13,12
13,12
12,12
12,12
13,12
13,12
10,12
12,12
12,12
12,12
16,12
12,12
12,12
12,12
11,12
12,12
12,12
14,12
12,12
12,12
12,12
13,12
16,12
13,12
13,12
24,12
16,12
11,12
13,12
12,12
12,12
12,12
12,12
13,12
12,12
12,12
12,12
12,12
12,12
13,12
16,12
12,12
13,12
12,12
13,12
12,12
12,12
13,12
13,12
15,12
12,12
11,12
12,12
12,12
12,12
7,12
12,12
13,12
14,12
14,12
13,12
13,12
12,12
13,12
12,12
12,12
9,12
13,12
12,12
12,12
13,12
12,12
13,12
13,12
13,12
12,12
12,12
11,12
13,12
18,12
13,12
12,12
13,12
13,12
14,12
12,12
11,12
13,12
18,12
12,12
12,12
13,12
14,12
17,12
12,12
14,12
22,12
14,12
14,12
12,12
12,12
14,12
14,12
12,12
15,12
13,12
13,12
13,12
14,12
12,12
13,12
11,12
11,12
12,12
15,12
11,12
12,12
12,12
12,12
12,12
13,12
10,12
18,12
15,12
12,12
15,12
15,12
14,12
11,12
12,12
13,12
12,12
13,12
15,12
14,12
15,12
12,12
12,12
12,12
11,12
12,12
10,12
12,12
7,12
13,12
12,12
12,12
12,12
13,12
15,12
14,12
14,12
13,12
11,12
12,12
11,12
13,12
16,12
14,12
15,12
12,12
13,12
12,12
14,12
11,12
12,12
13,12
18,12
13,12
14,12
12,12
13,12
14,12
11,12
18,12
10,12
12,12
21,12
14,12
14,12
13,12
11,12
11,12
12,12
12,12
12,12
11,12
11,12
12,12
13,12
12,12
12,12
13,12
11,12
15,12
14,12
10,12
12,12
14,12
22,12
12,12
12,12
12,12
12,12
12,12
11,12
12,12
12,12
13,12
13,12
12,12
32,12
11,12
14,12
13,12
12,12
16,12
12,12
11,12
11,12
12,12
14,12
12,12
12,12
12,12
13,12
12,12
20,12
15,12
12,12
10,12
14,12
12,12
12,12
7,12
11,12
11,12
12,12
10,12
13,12
12,12
12,12
14,12
14,12
23,12
12,12
13,12
13,12
12,12
12,12
12,12
12,12
14,12
13,12
12,12
14,12
10,12
7,12
10,12
12,12
12,12
12,12
12,12
13,12
14,12
14,12
13,12
13,12
12,12
10,12
13,12
13,12
12,12
12,12
13,12
15,12
12,12
12,12
9,12
17,12
14,12
12,12
12,12
16,12
12,12
12,12
14,12
16,12
14,12
13,12
12,12
13,12
12,12
13,12
11,12
13,12
12,12
16,12
13,12
13,12
13,12
13,12
11,12
15,12
13,12
11,12
12,12
12,12
12,12
18,12
10,12
14,12
12,12
12,12
14,12
12,12
13,12
13,12
11,12
12,12
14,12
12,12
14,12
12,12
13,12
13,12
12,12
12,12
12,12
14,12
11,12
12,12
15,12
13,12
3,12
14,12
12,12
13,12
13,12
12,12
13,12
9,12
13,12
14,12
12,12
12,12
12,12
16,12
12,12
15,12
12,12
13,12
12,12
13,12
13,12
13,12
12,12
8,12
12,12
16,12
14,12
12,12
12,12
12,12
9,12
13,12
12,12
12,12
16,12
12,12
14,12
13,12
15,12
12,12
16,12
14,12
17,12
13,12
13,12
13,12
13,12
14,12
12,12
10,12
12,12
14,12
13,12
13,12
12,12
9,12
27,12
10,12
13,12
13,12
11,12
13,12
13,12
12,12
12,12
14,12
13,12
16,12
12,12
7,12
13,12
13,12
13,12
13,12
12,12
15,12
14,12
12,12
13,12
12,12
12,12
14,12
12,12
13,12
12,12
13,12
9,12
12,12
12,12
13,12
12,12
11,12
13,12
11,12
11,12
11,12
12,12
11,12
13,12
11,12
12,12
12,12
12,12
14,12
12,12
13,12
13,12
12,12
12,12
14,12
13,12
15,12
11,12
12,12
9,12
13,12
12,12
13,12
12,12
11,12
11,12
13,12
13,12
13,12
13,12
14,12
12,12
12,12
12,12
12,12
11,12
12,12
11,12
12,12
12,12
14,12
13,12
12,12
11,12
13,12
12,12
12,12
12,12
14,12
13,12
20,12
13,12
11,12
12,12
14,12
13,12
14,12
15,12
14,12
13,12
14,12
12,12
12,12
13,12
19,12
12,12
14,12
12,12
11,12
10,12
15,12
12,12
7,12
14,12
12,12
12,12
10,12
13,12
12,12
12,12
12,12
12,12
12,12
14,12
14,12
18,12
12,12
17,12
10,12
14,12
11,12
11,12
11,12
12,12
12,12
14,12
13,12
13,12
15,12
11,12
13,12
10,12
13,12
12,12
12,12
12,12
11,12
12,12
16,12
19,12
11,12
11,12
10,12
12,12
14,12
13,12
12,12
13,12
13,12
12,12
12,12
14,12
12,12
13,12
22,12
12,12
12,12
14,12
9,12
12,12
12,12
12,12
13,12
12,12
13,12
13,12
12,12
10,12
12,12
12,12
13,12
12,12
13,12
12,12
12,12
12,12
13,12
12,12
12,12
10,12
14,12
13,12
12,12
11,12
13,12
13,12
12,12
21,12
14,12
13,12
13,12
12,12
13,12
14,12
13,12
11,12
11,12
14,12
12,12
12,12
13,12
13,12
12,12
13,12
14,12
14,12
14,12
16,12
13,12
12,12
12,12
12,12
10,10
9,10
11,10
10,10
12,10
11,10
10,10
13,10
10,10
10,10
10,10
10,10
12,10
12,10
9,10
13,10
9,10
13,10
14,10
10,10
9,10
13,10
11,10
12,10
9,10
11,10
10,10
10,10
12,10
8,10
10,10
11,10
10,10
11,10
12,10
16,10
9,10
13,10
10,10
8,10
12,10
11,10
10,10
9,10
11,10
12,10
12,10
11,10
14,10
10,10
10,10
10,10
12,10
12,10
11,10
16,10
10,10
11,10
10,10
10,10
12,10
8,10
10,10
10,10
9,10
11,10
10,10
11,10
11,10
9,10
10,10
12,10
9,10
9,10
10,10
9,10
13,10
10,10
10,10
12,10
10,10
11,10
14,10
12,10
9,10
11,10
11,10
11,10
7,10
9,10
11,10
12,10
10,10
11,10
29,29
27,29
28,29
29,29
29,29
33,29
28,29
29,29
25,29
28,29
28,29
29,29
17,29
29,29
27,29
31,29
31,29
30,29
30,29
27,29
30,29
29,29
33,29
24,29
29,29
31,29
27,29
29,29
30,29
28,29
25,29
13,29
26,29
30,29
28,29
31,29
26,29
32,29
29,29
28,29
28,29
28,29
30,29
27,29
29,29
32,29
29,29
32,29
31,29
25,29
30,29
28,29
25,29
28,29
27,29
29,29
25,29
28,29
29,29
33,29
33,29
30,29
31,29
24,29
29,29
27,29
32,29
30,29
28,29
26,29
30,29
26,29
30,29
28,29
30,29
31,29
30,29
28,29
29,29
27,29
29,29
31,29
33,29
29,29
30,29
27,29
30,29
30,29
29,29
28,29
30,29
24,29
28,29
27,29
32,29
29,29
15,29
29,29
31,29
30,29
18,29
28,29
30,29
25,29
29,29
24,29
31,29
29,29
31,29
21,29
26,29
33,29
21,29
30,29
32,29
29,29
28,29
30,29
29,29
31,29
30,29
32,29
30,29
29,29
30,29
26,29
29,29
18,29
27,29
26,29
30,29
28,29
30,29
30,29
28,29
29,29
28,29
29,29
28,29
30,29
12,29
30,29
29,29
26,29
27,29
30,29
27,29
30,29
29,29
30,29
30,29
30,29
14,29
30,29
23,29
26,29
27,29
28,29
29,29
28,29
27,29
26,29
28,29
29,29
30,29
31,29
29,29
30,29
29,29
19,29
29,29
28,29
29,29
23,29
30,29
24,29
9,9
7,9
11,9
11,9
20,9
10,9
11,9
11,9
9,9
12,9
12,9
10,9
12,9
8,9
11,9
18,9
10,9
10,9
9,9
11,9
7,9
12,9
11,9
11,9
10,9
9,9
26,9
10,9
10,9
10,9
7,9
9,9
9,9
9,9
10,9
10,9
8,9
14,9
9,9
13,9
10,9
7,9
12,9
8,9
10,9
10,9
8,9
10,9
11,9
10,9
8,9
8,9
11,9
11,9
10,9
12,9
12,9
11,9
10,9
9,9
9,9
13,9
10,9
12,9
10,9
11,9
10,9
12,9
11,9
11,9
9,9
11,9
10,9
11,9
9,9
10,9
8,9
11,9
12,9
11,9
13,9
6,9
10,9
10,9
11,9
9,9
28,9
10,9
4,9
7,9
13,9
12,9
10,9
12,9
9,9
10,9
13,9
9,9
10,9
9,9
7,9
10,9
10,9
10,9
9,9
11,9
12,9
10,9
9,9
9,9
12,9
10,9
8,9
9,9
14,9
12,9
8,9
10,9
11,9
9,9
9,9
11,9
12,9
12,9
10,9
12,9
13,9
9,9
12,9
10,9
10,9
12,9
15,9
11,9
15,9
15,9
8,9
4,9
12,9
10,9
14,9
7,9
14,9
11,9
12,9
12,9
9,9
13,9
11,9
8,9
10,9
9,9
9,9
12,9
9,9
12,9
8,9
11,9
10,9
9,9
8,9
9,9
10,9
13,9
10,9
12,9
12,9
14,9
11,9
10,9
13,9
9,9
11,9
8,9
10,9
11,9
10,9
10,9
11,9
10,9
9,9
10,9
12,9
14,9
12,9
11,9
12,9
9,9
8,9
13,9
11,9
9,9
12,9
10,9
12,9
14,9
10,9
8,9
11,9
14,9
9,9
14,9
5,9
10,9
14,9
9,9
11,9
14,9
9,9
10,9
9,9
18,9
10,9
6,9
10,9
9,9
6,9
12,9
10,9
11,9
17,9
14,9
7,9
12,9
9,9
11,9
8,9
12,9
19,20
20,20
19,20
16,20
26,20
20,20
19,20
15,20
12,20
18,20
19,20
19,20
12,20
17,20
21,20
17,20
27,20
20,20
20,20
17,20
23,20
20,20
24,20
19,20
21,20
20,20
17,20
19,20
19,20
12,16
16,16
15,16
17,16
23,16
13,16
17,16
20,16
13,16
13,16
16,16
13,16
16,16
15,16
15,16
16,16
16,16
17,16
18,16
26,16
19,16
16,16
15,16
15,16
13,16
20,16
17,16
24,16
17,16
22,16
15,16
17,16
16,16
16,16
19,16
16,16
17,16
15,16
19,16
16,16
16,16
16,16
14,16
15,16
14,16
16,16
17,16
12,16
17,16
16,16
17,16
17,16
16,16
16,16
14,16
16,16
26,16
16,16
17,16
16,16
13,16
16,16
14,16
17,16
15,16
15,16
14,16
16,16
12,16
16,16
15,16
21,16
17,16
14,16
17,16
15,16
16,16
18,16
16,16
17,16
16,16
16,16
15,16
10,16
14,16
11,16
14,16
15,16
21,16
14,16
13,16
24,16
16,16
24,16
14,16
16,16
11,16
16,16
17,16
12,16
18,16
17,16
15,16
16,16
15,16
17,16
8,16
14,16
17,16
30,16
19,16
20,16
15,16
14,16
19,16
17,16
13,16
15,16
18,16
19,16
16,16
15,16
16,16
16,16
15,16
16,16
15,16
16,16
17,16
19,16
15,16
21,16
15,16
16,16
11,16
12,16
16,16
16,16
16,16
15,16
21,16
15,16
12,16
17,16
14,16
18,16
18,16
17,16
15,16
17,16
16,16
15,16
15,16
14,16
16,16
13,16
15,16
14,16
16,16
18,16
19,16
14,16
10,16
16,16
14,16
19,16
21,16
16,16
15,16
14,16
14,16
15,16
15,16
17,16
16,16
16,16
19,16
16,16
13,16
16,16
19,16
17,16
16,16
17,16
16,16
15,16
16,16
15,16
16,16
16,16
26,16
16,16
16,16
15,16
31,16
17,16
18,16
16,16
17,16
15,16
16,16
16,16
16,16
17,16
17,16
16,16
17,16
16,16
18,16
15,16
14,16
15,16
18,16
21,16
16,16
15,16
15,16
17,16
17,16
16,16
17,16
15,16
15,16
17,16
12,16
15,16
16,16
22,16
21,16
19,16
17,16
18,16
17,16
13,16
17,16
16,16
16,16
15,16
17,16
16,16
17,16
17,16
17,16
19,16
14,16
17,16
16,16
17,16
17,16
16,16
18,16
15,16
15,16
17,16
15,16
15,16
16,16
17,16
14,16
15,16
17,16
16,16
15,16
14,16
18,16
16,16
18,16
16,16
14,16
14,16
16,16
16,16
16,16
16,16
17,16
15,16
12,16
17,16
15,16
16,16
15,16
16,16
15,16
15,16
19,16
18,16
15,16
14,16
18,16
19,16
16,16
15,16
21,16
15,16
16,16
12,16
15,16
17,16
15,16
15,16
24,16
21,16
17,16
15,16
13,16
17,16
16,16
17,16
12,16
12,16
17,16
16,16
16,16
21,16
15,16
17,16
13,16
18,16
17,16
16,16
15,16
21,16
15,16
16,16
12,16
15,16
16,16
16,16
15,16
18,16
15,16
27,16
17,16
17,16
17,16
16,16
16,16
17,16
17,16
16,16
17,16
16,16
16,16
17,16
12,16
16,16
19,16
17,16
19,16
17,16
22,16
19,16
14,16
15,16
14,16
16,16
18,16
17,16
16,16
22,16
15,16
17,16
22,16
17,16
14,16
16,16
17,16
16,16
15,16
15,16
12,16
17,16
18,16
16,16
14,16
24,16
18,16
18,16
14,16
13,16
18,16
16,16
21,16
15,16
16,16
22,16
19,16
15,16
17,16
24,16
18,16
17,16
16,16
15,16
14,16
16,16
16,16
15,16
15,16
21,16
16,16
16,16
17,16
22,16
17,16
15,16
16,16
16,16
21,16
16,16
20,16
16,16
19,16
15,16
17,16
17,16
16,16
17,16
13,16
19,16
16,16
14,16
15,16
16,16
14,16
15,16
17,16
12,16
20,16
19,16
19,16
16,16
22,16
15,16
16,16
15,16
15,16
13,16
17,16
17,16
15,16
14,16
20,16
17,16
17,16
19,16
17,16
21,16
16,16
15,16
17,16
15,16
16,16
16,16
10,16
20,16
16,16
20,16
17,16
15,16
16,16
17,16
14,16
17,16
14,16
16,16
17,16
16,16
15,16
17,16
18,16
16,16
17,16
12,16
14,16
15,16
13,16
17,16
18,16
16,16
16,16
16,16
15,16
30,16
16,16
14,16
15,16
18,16
15,16
17,16
16,16
16,16
17,16
18,16
16,16
18,16
16,16
14,16
16,16
15,16
15,16
13,16
16,16
16,16
18,16
17,16
13,16
16,16
12,16
16,16
17,16
16,16
17,16
17,16
16,16
16,16
15,16
18,16
16,16
18,16
16,16
16,16
15,16
17,16
16,16
18,16
12,16
17,16
17,16
15,16
17,16
17,16
15,16
12,16
16,16
16,16
23,16
16,16
15,16
17,16
16,16
16,16
19,16
16,16
18,16
18,16
16,16
14,16
13,16
14,16
17,16
8,16
17,16
15,16
22,16
21,16
17,16
15,16
17,16
17,16
9,16
20,16
17,16
14,16
15,16
17,16
20,16
19,16
17,16
16,16
17,16
12,16
15,16
16,16
16,16
16,16
18,16
17,16
15,16
15,16
24,16
15,16
21,16
14,16
15,16
14,16
18,16
16,16
16,16
16,16
14,16
16,16
17,16
13,16
16,16
16,16
17,16
17,16
17,16
16,16
15,16
15,16
17,16
29,16
15,16
15,16
15,16
17,16
17,16
16,16
19,16
13,16
18,16
16,16
17,16
15,16
18,16
15,16
10,16
16,16
15,16
18,16
17,16
15,16
17,16
13,16
18,16
13,16
12,16
15,16
17,16
19,16
23,16
16,16
15,16
16,16
16,16
16,16
18,16
15,16
19,16
15,16
18,16
16,16
19,16
15,16
16,16
16,16
18,16
15,16
17,16
14,16
16,16
14,16
15,16
16,16
17,16
19,16
16,16
13,16
15,16
16,16
13,16
16,16
16,16
16,16
16,16
16,16
17,16
15,16
13,16
15,16
15,16
16,16
19,16
16,16
15,16
16,16
16,16
16,16
14,16
15,16
15,16
18,16
17,16
14,16
16,16
20,16
16,16
19,16
25,16
17,16
15,16
17,16
18,16
26,16
16,16
17,16
16,16
22,16
18,16
17,16
15,16
26,16
18,16
16,16
18,16
21,16
15,16
21,16
16,16
23,16
18,16
17,16
19,16
18,16
17,16
22,16
18,16
17,16
15,16
16,16
14,16
17,16
21,16
17,16
17,16
16,16
16,16
16,16
14,16
15,16
16,16
20,16
22,16
17,16
15,16
16,16
21,16
16,16
16,16
17,16
20,16
14,16
16,16
17,16
16,16
16,16
17,16
14,16
15,16
18,16
17,16
16,16
13,16
17,16
16,16
17,16
12,16
12,16
16,16
15,16
13,16
16,16
14,16
27,16
13,16
15,16
17,16
17,16
20,16
17,16
15,16
19,16
16,16
16,16
15,16
16,16
15,16
17,16
19,16
17,16
16,16
15,16
18,16
13,16
16,16
16,16
18,16
17,16
16,16
15,16
17,16
12,16
16,16
16,16
19,16
18,16
16,16
19,16
9,16
19,16
17,16
16,16
17,16
17,16
17,16
15,16
17,16
16,16
13,16
16,16
17,16
16,16
16,16
17,16
11,16
18,16
14,16
16,16
16,16
11,16
15,16
16,16
12,16
9,16
18,16
19,16
14,16
15,16
16,16
16,16
16,16
17,16
16,16
16,16
16,16
16,16
17,16
16,16
15,16
18,16
17,16
12,16
17,16
13,16
15,16
18,16
18,16
14,16
14,16
15,16
17,16
16,16
14,16
16,16
18,16
16,16
16,16
15,16
15,16
16,16
16,16
17,16
15,16
24,16
16,16
17,16
15,16
16,16
17,16
22,16
15,16
16,16
16,16
14,16
15,16
16,16
16,16
19,16
18,16
15,16
13,16
13,16
17,16
17,16
13,16
16,16
18,16
19,16
13,16
16,16
17,16
12,16
24,16
17,16
15,16
17,16
16,16
13,16
26,16
16,16
16,16
12,16
17,16
20,16
17,16
18,16
15,16
19,16
15,16
15,16
17,16
15,16
15,16
16,16
15,16
18,16
14,16
16,16
17,16
19,16
17,16
17,16
15,16
18,16
17,16
16,16
15,16
13,16
15,16
16,16
15,16
16,16
25,16
16,16
16,16
19,16
15,16
16,16
20,16
19,16
23,16
14,16
17,16
20,16
16,16
16,16
16,16
15,16
15,16
17,16
16,16
17,16
17,16
16,16
21,16
13,16
17,16
13,16
17,16
16,16
9,16
16,16
17,16
17,16
17,16
15,16
17,16
16,16
20,16
4,16
15,16
17,16
15,16
13,16
24,16
15,16
15,16
3,16
22,16
17,16
15,16
17,16
16,16
16,16
16,16
16,16
20,16
16,16
16,16
13,16
16,16
13,16
8,16
16,16
17,16
16,16
17,16
17,16
15,16
14,16
18,16
16,16
3,0
3,0
3,0
3,0
11,0
7,0
3,0
3,0
3,0
5,0
12,0
3,0
3,0
3,0
3,0
10,0
3,0
3,0
3,0
6,0
3,0
3,0
9,0
3,0
12,0
3,0
3,0
3,0
3,0
3,0
3,0
11,0
3,0
3,0
3,0
3,0
3,0
3,0
3,0
11,0
12,0
3,0
3,0
3,0
3,0
8,0
3,0
4,0
3,0
3,0
3,0
3,0
9,0
3,0
4,0
3,0
3,0
12,0
3,0
3,0
4,0
3,0
3,0
3,0
6,0
3,0
3,0
12,0
3,0
3,0
3,0
3,0
3,0
10,0
3,0
3,0
3,0
3,0
5,0
3,0
3,0
10,0
3,0
12,0
3,0
3,0
3,0
4,0
3,0
3,0
3,0
3,0
4,0
3,0
3,0
5,0
3,0
13,0
4,0
3,0
3,0
3,0
3,0
6,0
3,0
3,0
3,0
3,0
3,0
3,0
3,0
3,0
3,0
10,0
11,0
11,0
3,0
3,0
3,0
3,0
3,0
3,0
3,0
3,0
3,0
3,0
3,0
3,0
3,0
12,0
3,0
3,0
3,0
12,0
3,0
3,0
4,0
3,0
3,0
3,0
3,0
3,0
3,0
3,0
3,0
3,0
3,0
3,0
5,0
3,0
3,0
3,0
3,0
3,0
4,0
3,0
3,0
3,0
3,0
3,0
3,0
3,0
11,0
3,0
3,0
3,0
4,0
3,0
11,0
7,0
3,0
3,0
3,0
3,0
3,0
3,0
3,0
3,0
3,0
12,0
3,0
4,0
3,0
3,0
3,0
6,0
3,0
12,0
3,0
3,0
3,0
11,0
3,0
3,0
3,0
3,0
3,0
6,0
3,0
3,0
3,0
3,0
3,0
11,0
3,0
3,0
3,0
3,0
3,0
11,0
3,0
3,0
3,0
3,0
3,0
3,0
3,0
3,0
3,0
12,0
3,0
3,0
3,0
3,0
11,0
3,0
3,0
11,0
3,0
3,0
3,0
3,0
4,0
3,0
3,0
3,0
8,0
10,0
3,0
4,0
11,0
3,0
4,0
3,0
3,0
3,0
3,0
3,0
3,0
7,0
3,0
3,0
4,0
3,0
3,0
3,0
12,0
8,0
3,0
3,0
3,0
3,0
3,0
3,0
3,0
4,0
3,0
3,0
3,0
3,0
3,0
3,0
3,0
3,0
3,0
3,0
4,0
3,0
3,0
3,0
3,0
3,0
3,0
11,0
3,0
3,0
3,0
3,0
3,0
3,0
5,0
4,0
3,0
12,0
3,0
3,0
3,0
3,0
3,0
3,0
3,0
3,0
3,0
3,0
3,0
3,0
3,0
3,0
3,0
7,0
3,0
3,0
3,0
12,0
3,0
3,0
3,0
3,0
3,0
8,0
3,0
3,0
3,0
3,0
3,0
3,0
3,0
3,0
3,0
3,0
3,0
4,0
3,0
3,0
3,0
3,0
3,0
10,0
8,0
3,0
3,0
3,0
3,0
3,0
8,0
3,0
3,0
8,0
3,0
3,0
3,0
3,0
10,0
3,0
6,0
3,0
11,0
3,0
3,0
10,0
3,0
3,0
3,0
3,0
3,0
3,0
9,0
3,0
3,0
3,0
3,0
3,0
3,0
3,0
3,0
3,0
7,0
3,0
3,0
3,0
3,0
3,0
3,0
3,0
3,0
12,0
3,0
3,0
3,0
3,0
12,0
3,0
3,0
11,0
3,0
3,0
3,0
3,0
6,0
3,0
12,0
3,0
4,0
3,0
3,0
4,0
3,0
3,0
3,0
3,0
3,0
3,0
3,0
3,0
12,0
3,0
3,0
3,0
3,0
3,0
3,0
3,0
3,0
3,0
3,0
3,0
3,0
3,0
3,0
3,0
3,0
3,0
3,0
3,0
3,0
12,0
3,0
3,0
4,0
3,0
11,0
3,0
3,0
3,0
3,0
3,0
3,0
3,0
3,0
3,0
12,0
3,0
3,0
3,0
3,0
4,0
3,0
3,0
3,0
3,0
3,0
11,0
3,0
3,0
3,0
3,0
3,0
3,0
3,0
3,0
3,0
4,0
3,0
3,0
3,0
3,0
3,0
3,0
3,0
3,0
3,0
3,0
3,0
3,0
3,0
3,0
3,0
3,0
4,0
3,0
12,0
3,0
3,0
3,0
3,0
3,0
3,0
10,0
10,0
3,0
3,0
3,0
12,0
3,0
12,0
3,0
3,0
9,0
3,0
3,0
3,0
6,0
3,0
3,0
12,0
3,0
3,0
6,0
3,0
3,0
3,0
3,0
3,0
4,0
3,0
8,0
3,0
3,0
3,0
3,0
3,0
5,0
3,0
3,0
4,0
3,0
3,0
3,0
3,0
14,0
3,0
3,0
3,0
3,0
3,0
3,0
3,0
3,0
3,0
3,0
3,0
3,0
3,0
7,0
3,0
3,0
3,0
3,0
3,0
3,0
3,0
3,0
3,0
3,0
5,0
3,0
3,0
3,0
3,0
3,0
4,0
12,0
5,0
3,0
3,0
3,0
3,0
4,0
3,0
3,0
3,0
3,0
3,0
3,0
4,0
3,0
3,0
3,0
3,0
3,0
3,0
3,0
3,0
3,0
3,0
3,0
12,0
3,0
3,0
4,0
3,0
8,0
3,0
3,0
3,0
3,0
8,0
3,0
3,0
3,0
3,0
4,0
10,0
3,0
3,0
3,0
3,0
3,0
3,0
5,0
8,0
3,0
12,0
6,0
3,0
6,0
3,0
3,0
3,0
3,0
3,0
12,0
3,0
3,0
3,0
3,0
3,0
9,0
3,0
3,0
3,0
4,0
3,0
3,0
3,0
3,0
3,0
3,0
3,0
3,0
12,0
3,0
3,0
3,0
3,0
3,0
3,0
3,0
3,0
12,0
9,0
3,0
4,0
3,0
4,0
11,0
3,0
3,0
4,0
3,0
3,0
10,0
3,0
3,0
3,0
3,0
3,0
3,0
3,0
12,0
3,0
3,0
3,0
3,0
6,0
3,0
3,0
3,0
3,0
3,0
3,0
11,0
3,0
11,0
3,0
3,0
3,0
3,0
3,0
3,0
3,0
10,0
3,0
4,0
4,0
3,0
3,0
3,0
3,0
9,0
3,0
3,0
3,0
3,0
3,0
3,0
3,0
3,0
3,0
3,0
3,0
3,0
12,0
3,0
3,0
3,0
3,0
3,0
3,0
3,0
11,0
12,0
3,0
3,0
3,0
3,0
3,0
3,0
3,0
3,0
3,0
3,0
4,0
3,0
3,0
3,0
3,0
7,0
3,3
3,3
3,3
3,3
3,3
3,3
3,3
3,3
3,3
3,3
3,3
3,3
3,3
6,3
3,3
4,3
4,3
3,3
3,3
3,3
3,3
3,3
3,3
4,3
3,3
3,3
4,3
3,3
3,3
3,3
3,3
3,3
3,3
3,3
3,3
3,3
3,3
3,3
3,3
3,3
3,3
3,3
3,3
3,3
3,3
4,3
4,3
3,3
3,3
3,3
3,3
3,3
3,3
4,3
3,3
3,3
3,3
3,3
3,3
4,3
4,3
4,3
3,3
5,3
3,3
3,3
3,3
3,3
3,3
3,3
3,3
3,3
3,3
3,3
3,3
3,3
3,3
3,3
3,3
3,3
4,3
3,3
4,3
3,3
3,3
3,3
3,3
3,3
3,3
3,3
4,3
3,3
3,3
3,3
3,3
5,3
3,3
3,3
9,3
3,3
3,3
3,3
3,3
3,3
4,3
3,3
3,3
3,3
3,3
3,3
5,3
3,3
2,3
3,3
4,3
3,3
3,3
3,3
4,3
4,3
3,3
3,3
3,3
3,3
3,3
3,3
3,3
3,3
3,3
23,3
5,3
3,3
3,3
3,3
3,3
4,3
3,3
3,3
3,3
3,3
3,3
4,3
3,3
4,3
3,3
3,3
3,3
3,3
3,3
3,3
3,3
3,3
3,3
3,3
3,3
4,3
3,3
3,3
4,3
3,3
3,3
4,3
4,3
3,3
3,3
3,3
3,3
4,3
3,3
3,3
3,3
3,3
3,3
4,3
3,3
3,3
3,3
3,3
3,3
3,3
3,3
3,3
3,3
7,3
4,3
3,3
3,3
3,3
3,3
3,3
4,3
3,3
4,3
3,3
3,3
3,3
4,3
3,3
3,3
3,3
3,3
3,3
3,3
4,3
3,3
3,3
3,3
3,3
3,3
3,3
4,3
3,3
3,3
3,3
3,3
3,3
3,3
4,3
4,3
3,3
3,3
3,3
3,3
3,3
3,3
3,3
3,3
8,3
3,3
3,3
11,3
3,3
3,3
3,3
3,3
3,3
3,3
3,3
4,3
3,3
3,3
3,3
3,3
3,3
3,3
3,3
6,3
3,3
3,3
3,3
3,3
3,3
4,3
4,3
4,3
3,3
3,3
3,3
3,3
3,3
4,3
3,3
3,3
3,3
3,3
3,3
3,3
3,3
3,3
4,3
3,3
3,3
4,3
3,3
3,3
4,3
3,3
4,3
3,3
3,3
4,3
3,3
3,3
4,3
3,3
3,3
3,3
5,3
3,3
3,3
3,3
3,3
4,3
3,3
3,3
3,3
3,3
3,3
3,3
3,3
3,3
3,3
4,3
2,3
3,3
3,3
8,3
3,3
3,3
3,3
3,3
3,3
4,3
4,3
3,3
3,3
3,3
3,3
3,3
15,3
3,3
3,3
3,3
3,3
3,3
3,3
3,3
3,3
3,3
3,3
3,3
3,3
3,3
3,3
3,3
4,3
3,3
4,3
3,3
8,3
3,3
3,3
4,3
3,3
5,3
3,3
5,3
4,3
3,3
3,3
14,3
3,3
3,3
3,3
3,3
3,3
3,3
3,3
3,3
3,3
3,3
3,3
6,3
4,3
3,3
5,3
6,3
4,3
3,3
4,3
4,3
3,3
3,3
3,3
3,3
3,3
3,3
3,3
5,3
4,3
3,3
3,3
3,3
3,3
3,3
3,3
3,3
3,3
3,3
5,3
4,3
3,3
3,3
3,3
3,3
3,3
3,3
3,3
3,3
3,3
3,3
4,3
3,3
3,3
4,3
3,3
3,3
3,3
4,3
3,3
3,3
3,3
7,3
3,3
3,3
3,3
3,3
4,3
3,3
3,3
3,3
3,3
3,3
3,3
3,3
7,3
3,3
3,3
3,3
3,3
5,3
3,3
3,3
3,3
3,3
3,3
3,3
3,3
3,3
3,3
3,3
3,3
3,3
3,3
3,3
4,3
4,3
3,3
3,3
4,3
3,3
3,3
3,3
3,3
3,3
3,3
12,3
3,3
3,3
3,3
3,3
3,3
3,3
3,3
3,3
3,3
3,3
4,3
3,3
3,3
3,3
3,3
3,3
4,3
3,3
3,3
3,3
4,3
3,3
3,3
3,3
3,3
3,3
3,3
5,3
3,3
3,3
3,3
3,3
4,3
3,3
6,3
3,3
3,3
5,3
4,3
3,3
3,3
3,3
3,3
16,3
3,3
4,3
3,3
3,3
4,3
3,3
3,3
3,3
3,3
3,3
3,3
9,3
3,3
3,3
3,3
3,3
3,3
4,3
3,3
3,3
3,3
3,3
3,3
3,3
3,3
3,3
3,3
3,3
3,3
3,3
3,3
3,3
3,3
3,3
3,3
4,3
3,3
3,3
3,3
3,3
4,3
4,3
4,3
3,3
3,3
3,3
3,3
3,3
4,3
3,3
3,3
4,3
3,3
4,3
3,3
3,3
4,3
3,3
4,3
3,3
4,3
9,3
3,3
3,3
3,3
3,3
3,3
3,3
3,3
3,3
3,3
3,3
3,3
3,3
3,3
3,3
3,3
3,3
4,3
3,3
3,3
3,3
3,3
4,3
3,3
3,3
3,3
3,3
3,3
3,3
3,3
3,3
3,3
4,3
3,3
4,3
3,3
4,3
3,3
3,3
3,3
3,3
3,3
3,3
3,3
4,3
4,3
3,3
3,3
5,3
3,3
3,3
3,3
3,3
4,3
3,3
3,3
3,3
3,3
4,3
5,3
3,3
3,3
3,3
3,3
3,3
3,3
3,3
3,3
3,3
3,3
3,3
3,3
3,3
3,3
3,3
4,3
3,3
3,3
3,3
4,3
3,3
3,3
3,3
3,3
3,3
3,3
3,3
3,3
3,3
3,3
3,3
3,3
3,3
4,3
4,3
3,3
3,3
3,3
3,3
3,3
4,3
3,3
4,3
3,3
4,3
3,3
4,3
3,3
3,3
3,3
3,3
3,3
5,3
4,3
3,3
3,3
3,3
3,3
4,3
3,3
3,3
4,3
3,3
3,3
4,3
3,3
4,3
3,3
3,3
3,3
3,3
3,3
4,3
3,3
3,3
3,3
3,3
3,3
3,3
3,3
3,3
3,3
6,3
4,3
3,3
4,3
3,3
3,3
4,3
3,3
3,3
4,3
3,3
3,3
3,3
3,3
3,3
3,3
3,3
3,3
3,3
4,3
3,3
3,3
4,3
3,3
5,3
4,3
3,3
3,3
4,3
3,3
3,3
5,3
3,3
3,3
3,3
3,3
6,3
3,3
3,3
5,3
14,3
3,3
3,3
3,3
4,3
3,3
3,3
3,3
3,3
3,3
3,3
4,3
4,3
3,3
3,3
3,3
3,3
3,3
3,3
3,3
3,3
3,3
3,3
3,3
3,3
3,3
4,3
3,3
3,3
4,3
3,3
3,3
3,3
3,3
3,3
3,3
3,3
3,3
4,3
3,3
3,3
4,3
3,3
3,3
3,3
3,3
3,3
3,3
3,3
3,3
3,3
3,3
3,3
3,3
3,3
3,3
3,3
3,3
3,3
4,3
3,3
3,3
3,3
3,3
3,3
3,3
3,3
3,3
3,3
3,3
3,3
3,3
3,3
10,3
3,3
3,3
3,3
4,3
3,3
3,3
3,3
3,3
3,3
3,3
3,3
3,3
3,3
3,3
4,3
4,3
3,3
3,3
3,3
3,3
3,3
3,3
4,3
5,3
3,3
4,3
4,3
5,3
3,3
4,3
3,3
3,3
4,3
3,3
3,3
3,3
3,3
3,3
3,3
3,3
3,3
3,3
3,3
4,3
4,3
4,3
3,3
3,3
3,3
3,3
3,3
3,3
4,3
4,3
4,3
3,3
3,3
9,3
3,3
3,3
3,3
3,3
3,3
5,3
12,11
12,11
11,11
12,11
12,11
12,11
13,11
12,11
12,11
12,11
13,11
12,11
14,11
13,11
12,11
11,11
13,11
9,11
11,11
9,11
13,11
13,11
12,11
10,11
12,11
17,11
12,11
12,11
12,11
13,11
11,11
13,11
12,11
12,11
12,11
11,11
10,11
19,11
8,11
12,11
12,11
11,11
11,11
12,11
11,11
12,11
12,11
11,11
16,11
12,11
13,11
8,11
3,11
10,11
12,11
11,11
12,11
13,11
12,11
10,11
16,11
12,11
11,11
12,11
12,11
12,11
8,11
3,11
12,11
12,11
12,11
11,11
12,11
11,11
12,11
11,11
12,11
17,11
12,11
12,11
14,11
13,11
12,11
12,11
14,11
10,11
12,11
11,11
12,11
12,11
12,11
12,11
12,11
10,11
21,11
13,11
12,11
11,11
12,11
11,11
12,11
12,11
11,11
11,11
12,11
13,11
12,11
12,11
10,11
15,11
12,11
12,11
14,11
12,11
13,11
13,11
13,11
12,11
12,11
14,11
13,11
12,11
12,11
12,11
12,11
12,11
11,11
12,11
12,11
12,11
12,11
12,11
12,11
12,11
13,11
13,11
12,11
12,11
10,11
9,11
13,11
11,11
12,11
10,11
11,11
10,11
12,11
12,11
12,11
12,11
12,11
12,11
12,11
13,11
16,11
11,11
12,11
13,11
12,11
11,11
12,11
12,11
12,11
12,11
5,11
12,11
12,11
13,11
12,11
12,11
13,11
18,11
12,11
3,11
12,11
11,11
12,11
12,11
3,11
16,11
6,11
11,11
12,11
12,11
15,11
14,11
19,11
12,11
11,11
12,11
11,11
12,11
10,11
12,11
10,11
11,11
7,11
12,11
15,11
3,11
3,11
11,11
12,11
12,11
16,11
3,11
12,11
10,11
10,11
11,11
11,11
14,11
12,11
14,11
12,11
8,11
11,11
13,11
3,11
10,11
12,11
5,11
12,11
12,11
10,11
12,11
11,11
11,11
12,11
12,11
12,11
11,11
11,11
13,11
7,11
3,11
11,11
10,11
11,11
11,11
10,11
12,11
12,11
12,11
3,11
12,11
16,11
12,11
12,11
17,11
9,11
14,11
12,11
18,11
12,11
12,11
14,11
13,11
12,11
12,11
12,11
11,11
12,11
12,11
10,11
12,11
9,11
11,11
12,11
12,11
11,11
19,11
12,11
11,11
12,11
17,11
10,11
12,11
12,11
12,11
13,11
13,11
10,11
12,11
11,11
16,11
11,11
14,11
12,11
12,11
12,11
13,11
11,11
12,11
16,11
12,11
14,11
12,11
13,11
12,11
11,11
12,11
12,11
12,11
12,11
12,11
11,11
12,11
17,11
11,11
7,11
11,11
12,11
12,11
13,11
12,11
12,11
12,11
12,11
12,11
12,11
9,11
12,11
13,11
3,11
13,11
13,11
13,11
12,11
11,11
8,11
12,11
12,11
11,11
11,11
21,11
12,11
12,11
10,11
12,11
12,11
13,11
12,11
12,11
11,11
12,11
18,11
14,11
12,11
16,11
12,11
3,11
12,11
15,11
14,11
11,11
3,11
12,11
12,11
12,11
11,11
12,11
12,11
12,11
12,11
11,11
12,11
5,11
12,11
13,11
15,11
12,11
14,11
15,11
11,11
12,11
12,11
11,11
12,11
12,11
11,11
3,11
11,11
12,11
12,11
14,11
12,11
12,11
3,11
3,11
12,11
12,11
12,11
12,11
11,11
13,11
12,11
8,11
12,11
12,11
11,11
13,11
11,11
11,11
12,11
12,11
12,11
12,11
3,11
13,11
8,11
12,11
7,11
12,11
12,11
13,11
12,11
13,11
11,11
12,11
11,11
11,11
12,11
12,11
12,11
13,11
12,11
12,11
13,11
12,11
12,11
11,11
12,11
11,11
13,11
11,11
12,11
11,11
12,11
12,11
10,11
12,11
11,11
12,11
20,11
12,11
12,11
15,11
13,11
4,11
11,11
12,11
12,11
18,11
13,11
11,11
12,11
11,11
11,11
13,11
11,11
11,11
12,11
12,11
10,11
13,11
8,11
11,11
11,11
12,11
11,11
11,11
12,11
12,11
13,11
12,11
11,11
12,11
11,11
13,11
12,11
3,11
12,11
11,11
15,11
12,11
12,11
12,11
14,11
19,11
13,11
9,11
16,11
3,11
11,11
9,11
17,11
11,11
12,11
12,11
13,11
10,11
10,11
11,11
14,11
11,11
11,11
12,11
3,11
12,11
12,11
12,11
13,11
12,11
11,11
15,11
11,11
12,11
6,11
10,11
13,11
12,11
12,11
12,11
11,11
12,11
11,11
14,11
18,11
10,11
12,11
15,11
14,11
16,11
14,11
6,11
12,11
11,11
12,11
11,11
12,11
11,11
11,11
12,11
12,11
3,11
12,11
12,11
12,11
13,11
13,11
11,11
12,11
12,11
12,11
11,11
13,11
10,11
13,11
12,11
12,11
11,11
12,11
11,11
13,11
16,11
12,11
13,11
12,11
12,11
16,11
14,11
11,11
15,11
14,11
12,11
12,11
12,11
12,11
14,11
12,11
13,11
3,11
11,11
12,11
16,11
11,11
12,11
11,11
13,11
10,11
12,11
7,11
14,11
12,11
8,11
11,11
13,11
12,11
12,11
12,11
12,11
11,11
12,11
15,11
13,11
8,11
12,11
12,11
12,11
12,11
12,11
3,11
12,11
12,11
15,11
23,11
5,11
9,11
12,11
11,11
12,11
12,11
12,11
15,11
12,11
14,11
15,11
16,11
11,11
12,11
11,11
12,11
11,11
11,11
13,11
3,11
12,11
11,11
11,11
11,11
6,11
8,11
8,11
13,11
13,11
12,11
12,11
12,11
14,11
11,11
12,11
11,11
12,11
12,11
12,11
12,11
7,11
12,11
12,11
11,11
10,11
16,11
12,11
13,11
14,11
12,11
12,11
14,11
12,11
13,11
11,11
12,11
6,11
12,11
14,11
12,11
11,11
14,11
11,11
12,11
11,11
13,11
14,11
10,11
12,11
13,11
13,11
12,11
12,11
11,11
13,11
12,11
12,11
11,11
12,11
12,11
13,11
12,11
11,11
3,11
15,11
13,11
12,11
12,11
12,11
12,11
11,11
12,11
12,11
12,11
12,11
8,11
12,11
12,11
12,11
12,11
12,11
6,11
13,11
10,11
3,11
9,11
19,11
12,11
13,11
12,11
14,11
12,11
12,11
4,11
13,11
11,11
11,11
12,11
11,11
12,11
12,11
12,11
13,11
12,11
17,11
12,11
11,11
12,11
11,11
13,11
11,11
12,11
12,11
11,11
11,11
12,11
13,11
12,11
5,11
12,11
13,11
12,11
16,11
11,11
9,11
12,11
13,11
11,11
11,11
15,11
12,11
12,11
12,11
12,11
12,11
12,11
12,11
7,11
12,11
11,11
12,11
12,11
11,11
11,11
11,11
12,11
12,11
11,11
9,11
11,11
7,11
11,11
12,11
12,11
12,11
12,11
13,11
11,11
3,11
14,11
12,11
10,11
12,11
11,11
12,11
12,11
12,11
4,11
11,11
14,11
12,11
12,11
12,11
13,11
12,11
14,11
11,11
12,11
12,11
12,11
13,11
11,11
20,11
13,11
13,11
12,11
12,11
12,11
11,11
3,11
12,11
11,11
12,11
12,11
12,11
11,11
11,11
13,11
12,11
11,11
12,11
13,11
12,11
13,11
13,11
12,11
12,11
12,11
12,11
13,11
11,11
11,11
11,11
9,11
11,11
12,11
12,11
11,11
13,11
10,11
15,11
12,11
12,11
12,11
12,11
14,11
14,11
11,11
12,11
12,11
12,11
11,11
6,11
12,11
12,11
11,11
14,11
11,11
9,11
11,11
12,11
4,11
12,11
12,11
8,11
10,11
12,11
10,11
7,11
12,11
12,11
12,11
16,11
25,11
13,11
15,11
12,11
12,11
4,11
11,11
9,11
13,11
12,11
12,11
12,11
13,11
19,11
12,11
12,11
10,11
12,11
12,11
3,11
12,11
12,11
14,11
12,11
11,11
12,11
11,11
13,11
13,11
8,11
12,11
13,11
12,11
11,11
12,11
11,11
12,11
12,11
9,11
9,11
20,11
12,11
12,11
11,11
12,11
12,11
12,11
12,11
14,11
11,11
12,11
15,11
11,11
12,11
12,11
11,11
16,11
12,11
4,11
12,11
12,11
19,11
12,11
12,11
11,11
3,11
10,11
12,11
7,11
10,11
12,11
12,11
13,11
12,11
11,11
11,11
15,11
10,11
12,11
12,11
11,11
9,11
16,11
11,11
9,11
13,11
12,11
13,11
12,11
12,11
8,11
12,11
12,11
11,11
11,11
11,11
12,11
12,11
11,11
10,11
11,11
12,11
9,11
9,11
12,11
12,11
16,11
4,11
10,11
12,11
13,11
7,11
3,11
13,11
11,11
12,11
3,11
11,11
12,11
12,11
14,11
11,11
12,11
18,11
11,11
10,11
14,11
11,11
12,11
12,11
12,11
12,11
12,11
15,11
11,11
12,11
11,11
13,11
13,11
7,11
3,11
12,11
16,11
12,11
3,11
11,11
11,11
11,11
12,11
12,11
15,11
5,11
12,11
11,11
12,11
11,11
10,11
12,11
10,11
12,11
12,11
13,11
14,11
12,11
13,11
12,11
11,11
10,11
12,11
11,11
11,11
12,11
13,11
12,11
13,11
13,11
11,11
12,11
15,11
9,11
12,11
12,11
11,11
11,11
11,11
12,11
11,11
4,11
11,11
12,11
12,11
12,11
13,11
10,11
12,11
13,11
12,11
12,11
11,11
12,11
9,11
12,11
12,11
8,11
12,11
12,11
12,11
14,11
12,11
11,11
12,11
11,11
12,11
11,11
26,11
12,11
12,11
11,11
12,11
11,11
12,11
13,11
12,11
19,11
12,11
11,11
12,11
8,11
14,11
12,11
10,11
12,11
10,11
12,11
12,11
12,11
12,11
12,11
9,11
12,11
4,11
12,11
11,11
11,11
12,11
13,11
10,11
12,11
11,11
11,11
3,11
11,11
12,11
13,11
12,11
12,11
6,11
11,11
11,11
15,11
14,11
17,11
10,11
11,11
14,11
12,11
4,11
12,11
11,11
12,11
13,11
12,11
12,11
12,11
12,11
11,11
12,11
12,11
12,11
4,11
3,11
8,11
12,11
12,11
14,11
3,11
11,11
12,11
9,11
10,11
12,11
22,11
12,11
11,11
12,11
13,11
12,11
15,11
9,11
12,11
12,11
12,11
11,11
16,11
3,11
9,11
10,11
12,11
12,11
12,11
12,11
12,11
12,11
12,11
12,11
12,11
12,11
11,11
11,11
12,11
11,11
13,11
12,11
12,11
11,11
12,11
13,11
14,11
12,11
11,11
13,11
12,11
11,11
12,11
11,11
10,11
12,11
12,11
12,11
13,11
17,11
12,11
18,11
12,11
3,11
12,11
11,11
11,11
10,11
12,11
12,11
12,11
13,11
8,11
12,11
12,11
12,11
11,11
12,11
12,11
12,11
12,11
12,11
12,11
12,11
12,11
10,11
16,11
12,11
12,11
12,11
11,11
12,11
12,11
12,11
12,11
3,11
12,11
15,11
12,11
11,11
12,11
11,11
11,11
12,11
12,11
12,11
13,11
12,11
12,11
12,11
10,11
3,11
12,11
12,11
12,11
3,11
12,11
12,11
12,11
18,11
12,11
7,11
14,11
3,11
11,11
12,11
12,11
12,11
11,11
12,11
3,11
12,11
10,11
12,11
16,11
12,11
12,11
7,11
11,11
13,11
12,11
12,11
10,11
12,11
10,11
9,11
13,11
13,11
22,11
11,11
11,11
16,11
11,11
12,11
11,11
12,11
12,11
12,11
12,11
6,11
3,11
10,11
13,11
12,11
6,11
12,11
13,11
13,11
12,11
16,11
13,11
11,11
12,11
12,11
13,11
14,11
11,11
13,11
12,11
12,11
12,11
3,11
17,11
12,11
12,11
11,11
9,11
12,11
11,11
12,11
13,11
12,11
8,11
12,11
12,11
10,11
16,19
23,19
16,19
15,19
16,19
25,19
16,19
15,19
20,19
14,19
19,19
18,19
15,19
19,19
13,19
18,19
20,19
13,19
16,19
23,19
15,19
16,19
17,19
21,19
17,19
18,19
22,19
17,19
16,19
21,19
17,19
21,19
20,19
15,19
20,19
21,19
16,19
21,19
17,19
17,19
19,19
18,19
17,19
18,19
20,19
20,19
22,19
20,19
20,19
17,19
21,19
12,19
18,19
17,19
18,19
15,19
16,19
18,19
15,19
24,19
28,19
19,19
21,19
22,19
19,19
20,19
16,19
12,19
18,19
17,19
17,19
16,19
18,19
16,19
16,19
21,19
12,19
19,19
22,19
20,19
17,19
18,19
16,19
17,19
16,19
19,19
18,19
19,19
19,19
20,19
17,19
21,19
15,19
16,19
21,19
16,19
17,19
19,19
24,19
18,19
20,19
18,19
27,19
17,19
15,19
20,19
18,19
17,19
26,19
20,19
20,19
18,19
16,19
20,19
25,19
20,19
16,19
24,19
20,19
19,19
16,19
17,19
15,19
17,19
11,19
21,19
14,19
21,19
9,19
19,19
23,19
22,19
19,19
17,19
19,19
17,19
16,19
20,19
24,19
22,19
18,19
22,19
19,19
14,19
17,19
17,19
20,19
16,19
17,19
12,19
23,19
21,19
18,19
20,19
19,19
21,19
18,19
17,19
15,19
15,19
18,19
17,19
16,19
10,19
19,19
19,19
16,19
20,19
22,19
18,19
22,19
13,19
17,19
21,19
19,19
17,19
24,19
21,19
19,19
16,19
20,19
18,19
20,19
23,19
18,19
13,19
17,19
12,19
16,19
22,19
18,19
15,19
26,19
19,19
20,19
17,19
21,19
15,19
21,19
25,19
21,19
23,19
24,19
24,19
26,19
21,19
32,19
24,19
19,19
17,19
23,19
19,19
22,19
22,19
17,19
18,19
17,19
21,19
18,19
19,19
19,19
19,19
21,19
21,19
14,19
22,19
20,19
22,19
20,19
17,19
21,19
14,19
17,19
24,19
17,19
19,19
17,19
21,19
18,19
20,19
23,19
17,19
20,19
19,19
21,19
21,19
14,19
19,19
20,19
23,19
16,19
20,19
22,19
18,19
19,19
19,19
20,19
16,19
15,19
27,19
18,19
18,19
20,19
20,19
16,19
22,19
21,19
18,19
21,19
15,19
14,19
17,19
16,19
